name,i1,i2,i3,i4,o1,o2,candidate_efficiency,candidate_efficient,BZG_efficiency
RZE__to__KAT_cand_132__to__POZ_cand_372__to__BZG_cand_0,0.0,6,11.3,0.7450000000000004,0.3,-12.960700000000003,1.0000000000,true,1.0000000000
RZE__to__KAT_cand_132__to__POZ_cand_372__to__BZG_cand_1,0.0,6,11.3,0.7450000000000004,0.3,-10.160290000000003,1.0000000000,true,1.0000000000
RZE__to__KAT_cand_132__to__POZ_cand_372__to__BZG_cand_2,0.0,6,11.3,0.7450000000000004,0.3,-8.539000000000001,1.0000000000,true,1.0000000000
RZE__to__KAT_cand_132__to__POZ_cand_372__to__BZG_cand_3,0.0,6,11.3,0.7450000000000004,0.3,-7.359880000000004,1.0000000000,true,1.0000000000
RZE__to__KAT_cand_132__to__POZ_cand_372__to__BZG_cand_4,0.0,6,11.3,0.7450000000000004,0.3,-4.559470000000005,1.0000000000,true,1.0000000000
RZE__to__KAT_cand_132__to__POZ_cand_372__to__BZG_cand_5,0.0,6,11.3,0.7450000000000004,0.3,-1.7590600000000052,1.0000000000,true,1.0000000000
RZE__to__KAT_cand_132__to__POZ_cand_372__to__BZG_cand_6,0.0,6,11.3,0.7450000000000004,0.3,1.0413499999999942,1.0000000000,true,1.0000000000
RZE__to__KAT_cand_132__to__POZ_cand_372__to__BZG_cand_7,0.0,6,11.3,0.7450000000000004,0.3,3.8417599999999936,1.0000000000,true,1.0000000000
RZE__to__KAT_cand_132__to__POZ_cand_372__to__BZG_cand_8,0.0,6,11.3,0.7450000000000004,0.3,6.2,1.0000000000,true,1.0000000000
RZE__to__KAT_cand_132__to__POZ_cand_372__to__BZG_cand_9,0.0,6,11.3,0.7450000000000004,0.3,6.642169999999993,1.0000000000,true,1.0000000000
RZE__to__KAT_cand_132__to__POZ_cand_372__to__BZG_cand_10,0.0,6,11.3,0.7450000000000004,0.3,9.442579999999992,1.0000000000,true,1.0000000000
RZE__to__KAT_cand_132__to__POZ_cand_372__to__BZG_cand_11,0.0,6,11.3,0.7450000000000004,0.3,12.242989999999992,1.0000000000,true,1.0000000000
RZE__to__KAT_cand_132__to__POZ_cand_372__to__BZG_cand_12,0.0,6,11.3,0.9730000000000004,0.3,-12.960700000000003,1.0000000000,true,1.0000000000
RZE__to__KAT_cand_132__to__POZ_cand_372__to__BZG_cand_13,0.0,6,11.3,0.9730000000000004,0.3,-10.160290000000003,1.0000000000,true,1.0000000000
RZE__to__KAT_cand_132__to__POZ_cand_372__to__BZG_cand_14,0.0,6,11.3,0.9730000000000004,0.3,-8.539000000000001,1.0000000000,true,1.0000000000
RZE__to__KAT_cand_132__to__POZ_cand_372__to__BZG_cand_15,0.0,6,11.3,0.9730000000000004,0.3,-7.359880000000004,1.0000000000,true,1.0000000000
RZE__to__KAT_cand_132__to__POZ_cand_372__to__BZG_cand_16,0.0,6,11.3,0.9730000000000004,0.3,-4.559470000000005,1.0000000000,true,1.0000000000
RZE__to__KAT_cand_132__to__POZ_cand_372__to__BZG_cand_17,0.0,6,11.3,0.9730000000000004,0.3,-1.7590600000000052,1.0000000000,true,1.0000000000
RZE__to__KAT_cand_132__to__POZ_cand_372__to__BZG_cand_18,0.0,6,11.3,0.9730000000000004,0.3,1.0413499999999942,1.0000000000,true,1.0000000000
RZE__to__KAT_cand_132__to__POZ_cand_372__to__BZG_cand_19,0.0,6,11.3,0.9730000000000004,0.3,3.8417599999999936,1.0000000000,true,1.0000000000
RZE__to__KAT_cand_132__to__POZ_cand_372__to__BZG_cand_20,0.0,6,11.3,0.9730000000000004,0.3,6.2,1.0000000000,true,1.0000000000
RZE__to__KAT_cand_132__to__POZ_cand_372__to__BZG_cand_21,0.0,6,11.3,0.9730000000000004,0.3,6.642169999999993,1.0000000000,true,1.0000000000
RZE__to__KAT_cand_132__to__POZ_cand_372__to__BZG_cand_22,0.0,6,11.3,0.9730000000000004,0.3,9.442579999999992,1.0000000000,true,1.0000000000
RZE__to__KAT_cand_132__to__POZ_cand_372__to__BZG_cand_23,0.0,6,11.3,0.9730000000000004,0.3,12.242989999999992,1.0000000000,true,1.0000000000
RZE__to__KAT_cand_132__to__POZ_cand_372__to__BZG_cand_24,0.0,6,11.3,1.1050000000000004,0.3,-12.960700000000003,1.0000000000,true,1.0000000000
RZE__to__KAT_cand_132__to__POZ_cand_372__to__BZG_cand_25,0.0,6,11.3,1.1050000000000004,0.3,-10.160290000000003,1.0000000000,true,1.0000000000
RZE__to__KAT_cand_132__to__POZ_cand_372__to__BZG_cand_26,0.0,6,11.3,1.1050000000000004,0.3,-8.539000000000001,1.0000000000,true,1.0000000000
RZE__to__KAT_cand_132__to__POZ_cand_372__to__BZG_cand_27,0.0,6,11.3,1.1050000000000004,0.3,-7.359880000000004,1.0000000000,true,1.0000000000
RZE__to__KAT_cand_132__to__POZ_cand_372__to__BZG_cand_28,0.0,6,11.3,1.1050000000000004,0.3,-4.559470000000005,1.0000000000,true,1.0000000000
RZE__to__KAT_cand_132__to__POZ_cand_372__to__BZG_cand_29,0.0,6,11.3,1.1050000000000004,0.3,-1.7590600000000052,1.0000000000,true,1.0000000000
RZE__to__KAT_cand_132__to__POZ_cand_372__to__BZG_cand_30,0.0,6,11.3,1.1050000000000004,0.3,1.0413499999999942,1.0000000000,true,1.0000000000
RZE__to__KAT_cand_132__to__POZ_cand_372__to__BZG_cand_31,0.0,6,11.3,1.1050000000000004,0.3,3.8417599999999936,1.0000000000,true,1.0000000000
RZE__to__KAT_cand_132__to__POZ_cand_372__to__BZG_cand_32,0.0,6,11.3,1.1050000000000004,0.3,6.2,1.0000000000,true,1.0000000000
RZE__to__KAT_cand_132__to__POZ_cand_372__to__BZG_cand_33,0.0,6,11.3,1.1050000000000004,0.3,6.642169999999993,1.0000000000,true,1.0000000000
RZE__to__KAT_cand_132__to__POZ_cand_372__to__BZG_cand_34,0.0,6,11.3,1.1050000000000004,0.3,9.442579999999992,1.0000000000,true,1.0000000000
RZE__to__KAT_cand_132__to__POZ_cand_372__to__BZG_cand_35,0.0,6,11.3,1.1050000000000004,0.3,12.242989999999992,1.0000000000,true,1.0000000000
RZE__to__KAT_cand_132__to__POZ_cand_372__to__BZG_cand_36,0.0,6,11.3,1.2,0.3,-12.960700000000003,1.0000000000,true,1.0000000000
RZE__to__KAT_cand_132__to__POZ_cand_372__to__BZG_cand_37,0.0,6,11.3,1.2,0.3,-10.160290000000003,1.0000000000,true,1.0000000000
RZE__to__KAT_cand_132__to__POZ_cand_372__to__BZG_cand_38,0.0,6,11.3,1.2,0.3,-8.539000000000001,1.0000000000,true,1.0000000000
RZE__to__KAT_cand_132__to__POZ_cand_372__to__BZG_cand_39,0.0,6,11.3,1.2,0.3,-7.359880000000004,1.0000000000,true,1.0000000000
RZE__to__KAT_cand_132__to__POZ_cand_372__to__BZG_cand_40,0.0,6,11.3,1.2,0.3,-4.559470000000005,1.0000000000,true,1.0000000000
RZE__to__KAT_cand_132__to__POZ_cand_372__to__BZG_cand_41,0.0,6,11.3,1.2,0.3,-1.7590600000000052,1.0000000000,true,1.0000000000
RZE__to__KAT_cand_132__to__POZ_cand_372__to__BZG_cand_42,0.0,6,11.3,1.2,0.3,1.0413499999999942,1.0000000000,true,1.0000000000
RZE__to__KAT_cand_132__to__POZ_cand_372__to__BZG_cand_43,0.0,6,11.3,1.2,0.3,3.8417599999999936,1.0000000000,true,1.0000000000
RZE__to__KAT_cand_132__to__POZ_cand_372__to__BZG_cand_44,0.0,6,11.3,1.2,0.3,6.2,1.0000000000,true,1.0000000000
RZE__to__KAT_cand_132__to__POZ_cand_372__to__BZG_cand_45,0.0,6,11.3,1.2,0.3,6.642169999999993,1.0000000000,true,1.0000000000
RZE__to__KAT_cand_132__to__POZ_cand_372__to__BZG_cand_46,0.0,6,11.3,1.2,0.3,9.442579999999992,1.0000000000,true,1.0000000000
RZE__to__KAT_cand_132__to__POZ_cand_372__to__BZG_cand_47,0.0,6,11.3,1.2,0.3,12.242989999999992,1.0000000000,true,1.0000000000
RZE__to__KAT_cand_132__to__POZ_cand_372__to__BZG_cand_48,0.0,6,11.3,1.2010000000000005,0.3,-12.960700000000003,1.0000000000,true,1.0000000000
RZE__to__KAT_cand_132__to__POZ_cand_372__to__BZG_cand_49,0.0,6,11.3,1.2010000000000005,0.3,-10.160290000000003,1.0000000000,true,1.0000000000
RZE__to__KAT_cand_132__to__POZ_cand_372__to__BZG_cand_50,0.0,6,11.3,1.2010000000000005,0.3,-8.539000000000001,1.0000000000,true,1.0000000000
RZE__to__KAT_cand_132__to__POZ_cand_372__to__BZG_cand_51,0.0,6,11.3,1.2010000000000005,0.3,-7.359880000000004,1.0000000000,true,1.0000000000
RZE__to__KAT_cand_132__to__POZ_cand_372__to__BZG_cand_52,0.0,6,11.3,1.2010000000000005,0.3,-4.559470000000005,1.0000000000,true,1.0000000000
RZE__to__KAT_cand_132__to__POZ_cand_372__to__BZG_cand_53,0.0,6,11.3,1.2010000000000005,0.3,-1.7590600000000052,1.0000000000,true,1.0000000000
RZE__to__KAT_cand_132__to__POZ_cand_372__to__BZG_cand_54,0.0,6,11.3,1.2010000000000005,0.3,1.0413499999999942,1.0000000000,true,1.0000000000
RZE__to__KAT_cand_132__to__POZ_cand_372__to__BZG_cand_55,0.0,6,11.3,1.2010000000000005,0.3,3.8417599999999936,1.0000000000,true,1.0000000000
RZE__to__KAT_cand_132__to__POZ_cand_372__to__BZG_cand_56,0.0,6,11.3,1.2010000000000005,0.3,6.2,1.0000000000,true,1.0000000000
RZE__to__KAT_cand_132__to__POZ_cand_372__to__BZG_cand_57,0.0,6,11.3,1.2010000000000005,0.3,6.642169999999993,1.0000000000,true,1.0000000000
RZE__to__KAT_cand_132__to__POZ_cand_372__to__BZG_cand_58,0.0,6,11.3,1.2010000000000005,0.3,9.442579999999992,1.0000000000,true,1.0000000000
RZE__to__KAT_cand_132__to__POZ_cand_372__to__BZG_cand_59,0.0,6,11.3,1.2010000000000005,0.3,12.242989999999992,1.0000000000,true,1.0000000000
RZE__to__KAT_cand_132__to__POZ_cand_372__to__BZG_cand_60,0.0,6,11.3,1.4290000000000003,0.3,-12.960700000000003,1.0000000000,true,1.0000000000
RZE__to__KAT_cand_132__to__POZ_cand_372__to__BZG_cand_61,0.0,6,11.3,1.4290000000000003,0.3,-10.160290000000003,1.0000000000,true,1.0000000000
RZE__to__KAT_cand_132__to__POZ_cand_372__to__BZG_cand_62,0.0,6,11.3,1.4290000000000003,0.3,-8.539000000000001,1.0000000000,true,1.0000000000
RZE__to__KAT_cand_132__to__POZ_cand_372__to__BZG_cand_63,0.0,6,11.3,1.4290000000000003,0.3,-7.359880000000004,1.0000000000,true,1.0000000000
RZE__to__KAT_cand_132__to__POZ_cand_372__to__BZG_cand_64,0.0,6,11.3,1.4290000000000003,0.3,-4.559470000000005,1.0000000000,true,1.0000000000
RZE__to__KAT_cand_132__to__POZ_cand_372__to__BZG_cand_65,0.0,6,11.3,1.4290000000000003,0.3,-1.7590600000000052,1.0000000000,true,1.0000000000
RZE__to__KAT_cand_132__to__POZ_cand_372__to__BZG_cand_66,0.0,6,11.3,1.4290000000000003,0.3,1.0413499999999942,1.0000000000,true,1.0000000000
RZE__to__KAT_cand_132__to__POZ_cand_372__to__BZG_cand_67,0.0,6,11.3,1.4290000000000003,0.3,3.8417599999999936,1.0000000000,true,1.0000000000
RZE__to__KAT_cand_132__to__POZ_cand_372__to__BZG_cand_68,0.0,6,11.3,1.4290000000000003,0.3,6.2,1.0000000000,true,1.0000000000
RZE__to__KAT_cand_132__to__POZ_cand_372__to__BZG_cand_69,0.0,6,11.3,1.4290000000000003,0.3,6.642169999999993,1.0000000000,true,1.0000000000
RZE__to__KAT_cand_132__to__POZ_cand_372__to__BZG_cand_70,0.0,6,11.3,1.4290000000000003,0.3,9.442579999999992,1.0000000000,true,1.0000000000
RZE__to__KAT_cand_132__to__POZ_cand_372__to__BZG_cand_71,0.0,6,11.3,1.4290000000000003,0.3,12.242989999999992,1.0000000000,true,1.0000000000
RZE__to__KAT_cand_132__to__POZ_cand_372__to__BZG_cand_72,0.0,6,11.3,1.6570000000000005,0.3,-12.960700000000003,1.0000000000,true,1.0000000000
RZE__to__KAT_cand_132__to__POZ_cand_372__to__BZG_cand_73,0.0,6,11.3,1.6570000000000005,0.3,-10.160290000000003,1.0000000000,true,1.0000000000
RZE__to__KAT_cand_132__to__POZ_cand_372__to__BZG_cand_74,0.0,6,11.3,1.6570000000000005,0.3,-8.539000000000001,1.0000000000,true,1.0000000000
RZE__to__KAT_cand_132__to__POZ_cand_372__to__BZG_cand_75,0.0,6,11.3,1.6570000000000005,0.3,-7.359880000000004,1.0000000000,true,1.0000000000
RZE__to__KAT_cand_132__to__POZ_cand_372__to__BZG_cand_76,0.0,6,11.3,1.6570000000000005,0.3,-4.559470000000005,1.0000000000,true,1.0000000000
RZE__to__KAT_cand_132__to__POZ_cand_372__to__BZG_cand_77,0.0,6,11.3,1.6570000000000005,0.3,-1.7590600000000052,1.0000000000,true,1.0000000000
RZE__to__KAT_cand_132__to__POZ_cand_372__to__BZG_cand_78,0.0,6,11.3,1.6570000000000005,0.3,1.0413499999999942,1.0000000000,true,1.0000000000
RZE__to__KAT_cand_132__to__POZ_cand_372__to__BZG_cand_79,0.0,6,11.3,1.6570000000000005,0.3,3.8417599999999936,1.0000000000,true,1.0000000000
RZE__to__KAT_cand_132__to__POZ_cand_372__to__BZG_cand_80,0.0,6,11.3,1.6570000000000005,0.3,6.2,1.0000000000,true,1.0000000000
RZE__to__KAT_cand_132__to__POZ_cand_372__to__BZG_cand_81,0.0,6,11.3,1.6570000000000005,0.3,6.642169999999993,1.0000000000,true,1.0000000000
RZE__to__KAT_cand_132__to__POZ_cand_372__to__BZG_cand_82,0.0,6,11.3,1.6570000000000005,0.3,9.442579999999992,1.0000000000,true,1.0000000000
RZE__to__KAT_cand_132__to__POZ_cand_372__to__BZG_cand_83,0.0,6,11.3,1.6570000000000005,0.3,12.242989999999992,1.0000000000,true,1.0000000000
RZE__to__KAT_cand_132__to__POZ_cand_372__to__BZG_cand_84,0.19,6,11.3,0.7450000000000004,0.3,-12.960700000000003,1.0000000000,true,1.0000000000
RZE__to__KAT_cand_132__to__POZ_cand_372__to__BZG_cand_85,0.19,6,11.3,0.7450000000000004,0.3,-10.160290000000003,1.0000000000,true,1.0000000000
RZE__to__KAT_cand_132__to__POZ_cand_372__to__BZG_cand_86,0.19,6,11.3,0.7450000000000004,0.3,-8.539000000000001,1.0000000000,true,1.0000000000
RZE__to__KAT_cand_132__to__POZ_cand_372__to__BZG_cand_87,0.19,6,11.3,0.7450000000000004,0.3,-7.359880000000004,1.0000000000,true,1.0000000000
RZE__to__KAT_cand_132__to__POZ_cand_372__to__BZG_cand_88,0.19,6,11.3,0.7450000000000004,0.3,-4.559470000000005,1.0000000000,true,1.0000000000
RZE__to__KAT_cand_132__to__POZ_cand_372__to__BZG_cand_89,0.19,6,11.3,0.7450000000000004,0.3,-1.7590600000000052,1.0000000000,true,1.0000000000
RZE__to__KAT_cand_132__to__POZ_cand_372__to__BZG_cand_90,0.19,6,11.3,0.7450000000000004,0.3,1.0413499999999942,1.0000000000,true,1.0000000000
RZE__to__KAT_cand_132__to__POZ_cand_372__to__BZG_cand_91,0.19,6,11.3,0.7450000000000004,0.3,3.8417599999999936,1.0000000000,true,1.0000000000
RZE__to__KAT_cand_132__to__POZ_cand_372__to__BZG_cand_92,0.19,6,11.3,0.7450000000000004,0.3,6.2,1.0000000000,true,1.0000000000
RZE__to__KAT_cand_132__to__POZ_cand_372__to__BZG_cand_93,0.19,6,11.3,0.7450000000000004,0.3,6.642169999999993,1.0000000000,true,1.0000000000
RZE__to__KAT_cand_132__to__POZ_cand_372__to__BZG_cand_94,0.19,6,11.3,0.7450000000000004,0.3,9.442579999999992,1.0000000000,true,1.0000000000
RZE__to__KAT_cand_132__to__POZ_cand_372__to__BZG_cand_95,0.19,6,11.3,0.7450000000000004,0.3,12.242989999999992,1.0000000000,true,1.0000000000
RZE__to__KAT_cand_132__to__POZ_cand_372__to__BZG_cand_96,0.19,6,11.3,0.9730000000000004,0.3,-12.960700000000003,1.0000000000,true,1.0000000000
RZE__to__KAT_cand_132__to__POZ_cand_372__to__BZG_cand_97,0.19,6,11.3,0.9730000000000004,0.3,-10.160290000000003,1.0000000000,true,1.0000000000
RZE__to__KAT_cand_132__to__POZ_cand_372__to__BZG_cand_98,0.19,6,11.3,0.9730000000000004,0.3,-8.539000000000001,1.0000000000,true,1.0000000000
RZE__to__KAT_cand_132__to__POZ_cand_372__to__BZG_cand_99,0.19,6,11.3,0.9730000000000004,0.3,-7.359880000000004,1.0000000000,true,1.0000000000
RZE__to__KAT_cand_132__to__POZ_cand_372__to__BZG_cand_100,0.19,6,11.3,0.9730000000000004,0.3,-4.559470000000005,1.0000000000,true,1.0000000000
RZE__to__KAT_cand_132__to__POZ_cand_372__to__BZG_cand_101,0.19,6,11.3,0.9730000000000004,0.3,-1.7590600000000052,1.0000000000,true,1.0000000000
RZE__to__KAT_cand_132__to__POZ_cand_372__to__BZG_cand_102,0.19,6,11.3,0.9730000000000004,0.3,1.0413499999999942,1.0000000000,true,1.0000000000
RZE__to__KAT_cand_132__to__POZ_cand_372__to__BZG_cand_103,0.19,6,11.3,0.9730000000000004,0.3,3.8417599999999936,1.0000000000,true,1.0000000000
RZE__to__KAT_cand_132__to__POZ_cand_372__to__BZG_cand_104,0.19,6,11.3,0.9730000000000004,0.3,6.2,1.0000000000,true,1.0000000000
RZE__to__KAT_cand_132__to__POZ_cand_372__to__BZG_cand_105,0.19,6,11.3,0.9730000000000004,0.3,6.642169999999993,1.0000000000,true,1.0000000000
RZE__to__KAT_cand_132__to__POZ_cand_372__to__BZG_cand_106,0.19,6,11.3,0.9730000000000004,0.3,9.442579999999992,1.0000000000,true,1.0000000000
RZE__to__KAT_cand_132__to__POZ_cand_372__to__BZG_cand_107,0.19,6,11.3,0.9730000000000004,0.3,12.242989999999992,1.0000000000,true,1.0000000000
RZE__to__KAT_cand_132__to__POZ_cand_372__to__BZG_cand_108,0.19,6,11.3,1.1050000000000004,0.3,-12.960700000000003,1.0000000000,true,1.0000000000
RZE__to__KAT_cand_132__to__POZ_cand_372__to__BZG_cand_109,0.19,6,11.3,1.1050000000000004,0.3,-10.160290000000003,1.0000000000,true,1.0000000000
RZE__to__KAT_cand_132__to__POZ_cand_372__to__BZG_cand_110,0.19,6,11.3,1.1050000000000004,0.3,-8.539000000000001,1.0000000000,true,1.0000000000
RZE__to__KAT_cand_132__to__POZ_cand_372__to__BZG_cand_111,0.19,6,11.3,1.1050000000000004,0.3,-7.359880000000004,1.0000000000,true,1.0000000000
RZE__to__KAT_cand_132__to__POZ_cand_372__to__BZG_cand_112,0.19,6,11.3,1.1050000000000004,0.3,-4.559470000000005,1.0000000000,true,1.0000000000
RZE__to__KAT_cand_132__to__POZ_cand_372__to__BZG_cand_113,0.19,6,11.3,1.1050000000000004,0.3,-1.7590600000000052,1.0000000000,true,1.0000000000
RZE__to__KAT_cand_132__to__POZ_cand_372__to__BZG_cand_114,0.19,6,11.3,1.1050000000000004,0.3,1.0413499999999942,1.0000000000,true,1.0000000000
RZE__to__KAT_cand_132__to__POZ_cand_372__to__BZG_cand_115,0.19,6,11.3,1.1050000000000004,0.3,3.8417599999999936,1.0000000000,true,1.0000000000
RZE__to__KAT_cand_132__to__POZ_cand_372__to__BZG_cand_116,0.19,6,11.3,1.1050000000000004,0.3,6.2,1.0000000000,true,1.0000000000
RZE__to__KAT_cand_132__to__POZ_cand_372__to__BZG_cand_117,0.19,6,11.3,1.1050000000000004,0.3,6.642169999999993,1.0000000000,true,1.0000000000
RZE__to__KAT_cand_132__to__POZ_cand_372__to__BZG_cand_118,0.19,6,11.3,1.1050000000000004,0.3,9.442579999999992,1.0000000000,true,1.0000000000
RZE__to__KAT_cand_132__to__POZ_cand_372__to__BZG_cand_119,0.19,6,11.3,1.1050000000000004,0.3,12.242989999999992,1.0000000000,true,1.0000000000
RZE__to__KAT_cand_132__to__POZ_cand_372__to__BZG_cand_120,0.19,6,11.3,1.2,0.3,-12.960700000000003,1.0000000000,true,1.0000000000
RZE__to__KAT_cand_132__to__POZ_cand_372__to__BZG_cand_121,0.19,6,11.3,1.2,0.3,-10.160290000000003,1.0000000000,true,1.0000000000
RZE__to__KAT_cand_132__to__POZ_cand_372__to__BZG_cand_122,0.19,6,11.3,1.2,0.3,-8.539000000000001,1.0000000000,true,1.0000000000
RZE__to__KAT_cand_132__to__POZ_cand_372__to__BZG_cand_123,0.19,6,11.3,1.2,0.3,-7.359880000000004,1.0000000000,true,1.0000000000
RZE__to__KAT_cand_132__to__POZ_cand_372__to__BZG_cand_124,0.19,6,11.3,1.2,0.3,-4.559470000000005,1.0000000000,true,1.0000000000
RZE__to__KAT_cand_132__to__POZ_cand_372__to__BZG_cand_125,0.19,6,11.3,1.2,0.3,-1.7590600000000052,1.0000000000,true,1.0000000000
RZE__to__KAT_cand_132__to__POZ_cand_372__to__BZG_cand_126,0.19,6,11.3,1.2,0.3,1.0413499999999942,1.0000000000,true,1.0000000000
RZE__to__KAT_cand_132__to__POZ_cand_372__to__BZG_cand_127,0.19,6,11.3,1.2,0.3,3.8417599999999936,1.0000000000,true,1.0000000000
RZE__to__KAT_cand_132__to__POZ_cand_372__to__BZG_cand_128,0.19,6,11.3,1.2,0.3,6.2,1.0000000000,true,1.0000000000
RZE__to__KAT_cand_132__to__POZ_cand_372__to__BZG_cand_129,0.19,6,11.3,1.2,0.3,6.642169999999993,1.0000000000,true,1.0000000000
RZE__to__KAT_cand_132__to__POZ_cand_372__to__BZG_cand_130,0.19,6,11.3,1.2,0.3,9.442579999999992,1.0000000000,true,1.0000000000
RZE__to__KAT_cand_132__to__POZ_cand_372__to__BZG_cand_131,0.19,6,11.3,1.2,0.3,12.242989999999992,1.0000000000,true,1.0000000000
RZE__to__KAT_cand_132__to__POZ_cand_372__to__BZG_cand_132,0.19,6,11.3,1.2010000000000005,0.3,-12.960700000000003,1.0000000000,true,1.0000000000
RZE__to__KAT_cand_132__to__POZ_cand_372__to__BZG_cand_133,0.19,6,11.3,1.2010000000000005,0.3,-10.160290000000003,1.0000000000,true,1.0000000000
RZE__to__KAT_cand_132__to__POZ_cand_372__to__BZG_cand_134,0.19,6,11.3,1.2010000000000005,0.3,-8.539000000000001,1.0000000000,true,1.0000000000
RZE__to__KAT_cand_132__to__POZ_cand_372__to__BZG_cand_135,0.19,6,11.3,1.2010000000000005,0.3,-7.359880000000004,1.0000000000,true,1.0000000000
RZE__to__KAT_cand_132__to__POZ_cand_372__to__BZG_cand_136,0.19,6,11.3,1.2010000000000005,0.3,-4.559470000000005,1.0000000000,true,1.0000000000
RZE__to__KAT_cand_132__to__POZ_cand_372__to__BZG_cand_137,0.19,6,11.3,1.2010000000000005,0.3,-1.7590600000000052,1.0000000000,true,1.0000000000
RZE__to__KAT_cand_132__to__POZ_cand_372__to__BZG_cand_138,0.19,6,11.3,1.2010000000000005,0.3,1.0413499999999942,1.0000000000,true,1.0000000000
RZE__to__KAT_cand_132__to__POZ_cand_372__to__BZG_cand_139,0.19,6,11.3,1.2010000000000005,0.3,3.8417599999999936,1.0000000000,true,1.0000000000
RZE__to__KAT_cand_132__to__POZ_cand_372__to__BZG_cand_140,0.19,6,11.3,1.2010000000000005,0.3,6.2,1.0000000000,true,1.0000000000
RZE__to__KAT_cand_132__to__POZ_cand_372__to__BZG_cand_141,0.19,6,11.3,1.2010000000000005,0.3,6.642169999999993,1.0000000000,true,1.0000000000
RZE__to__KAT_cand_132__to__POZ_cand_372__to__BZG_cand_142,0.19,6,11.3,1.2010000000000005,0.3,9.442579999999992,1.0000000000,true,1.0000000000
RZE__to__KAT_cand_132__to__POZ_cand_372__to__BZG_cand_143,0.19,6,11.3,1.2010000000000005,0.3,12.242989999999992,1.0000000000,true,1.0000000000
RZE__to__KAT_cand_132__to__POZ_cand_372__to__BZG_cand_144,0.19,6,11.3,1.4290000000000003,0.3,-12.960700000000003,1.0000000000,true,1.0000000000
RZE__to__KAT_cand_132__to__POZ_cand_372__to__BZG_cand_145,0.19,6,11.3,1.4290000000000003,0.3,-10.160290000000003,1.0000000000,true,1.0000000000
RZE__to__KAT_cand_132__to__POZ_cand_372__to__BZG_cand_146,0.19,6,11.3,1.4290000000000003,0.3,-8.539000000000001,1.0000000000,true,1.0000000000
RZE__to__KAT_cand_132__to__POZ_cand_372__to__BZG_cand_147,0.19,6,11.3,1.4290000000000003,0.3,-7.359880000000004,1.0000000000,true,1.0000000000
RZE__to__KAT_cand_132__to__POZ_cand_372__to__BZG_cand_148,0.19,6,11.3,1.4290000000000003,0.3,-4.559470000000005,1.0000000000,true,1.0000000000
RZE__to__KAT_cand_132__to__POZ_cand_372__to__BZG_cand_149,0.19,6,11.3,1.4290000000000003,0.3,-1.7590600000000052,1.0000000000,true,1.0000000000
RZE__to__KAT_cand_132__to__POZ_cand_372__to__BZG_cand_150,0.19,6,11.3,1.4290000000000003,0.3,1.0413499999999942,1.0000000000,true,1.0000000000
RZE__to__KAT_cand_132__to__POZ_cand_372__to__BZG_cand_151,0.19,6,11.3,1.4290000000000003,0.3,3.8417599999999936,1.0000000000,true,1.0000000000
RZE__to__KAT_cand_132__to__POZ_cand_372__to__BZG_cand_152,0.19,6,11.3,1.4290000000000003,0.3,6.2,1.0000000000,true,1.0000000000
RZE__to__KAT_cand_132__to__POZ_cand_372__to__BZG_cand_153,0.19,6,11.3,1.4290000000000003,0.3,6.642169999999993,1.0000000000,true,1.0000000000
RZE__to__KAT_cand_132__to__POZ_cand_372__to__BZG_cand_154,0.19,6,11.3,1.4290000000000003,0.3,9.442579999999992,1.0000000000,true,1.0000000000
RZE__to__KAT_cand_132__to__POZ_cand_372__to__BZG_cand_155,0.19,6,11.3,1.4290000000000003,0.3,12.242989999999992,1.0000000000,true,1.0000000000
RZE__to__KAT_cand_132__to__POZ_cand_372__to__BZG_cand_156,0.19,6,11.3,1.6570000000000005,0.3,-12.960700000000003,1.0000000000,true,1.0000000000
RZE__to__KAT_cand_132__to__POZ_cand_372__to__BZG_cand_157,0.19,6,11.3,1.6570000000000005,0.3,-10.160290000000003,1.0000000000,true,1.0000000000
RZE__to__KAT_cand_132__to__POZ_cand_372__to__BZG_cand_158,0.19,6,11.3,1.6570000000000005,0.3,-8.539000000000001,1.0000000000,true,1.0000000000
RZE__to__KAT_cand_132__to__POZ_cand_372__to__BZG_cand_159,0.19,6,11.3,1.6570000000000005,0.3,-7.359880000000004,1.0000000000,true,1.0000000000
RZE__to__KAT_cand_132__to__POZ_cand_372__to__BZG_cand_160,0.19,6,11.3,1.6570000000000005,0.3,-4.559470000000005,1.0000000000,true,1.0000000000
RZE__to__KAT_cand_132__to__POZ_cand_372__to__BZG_cand_161,0.19,6,11.3,1.6570000000000005,0.3,-1.7590600000000052,1.0000000000,true,1.0000000000
RZE__to__KAT_cand_132__to__POZ_cand_372__to__BZG_cand_162,0.19,6,11.3,1.6570000000000005,0.3,1.0413499999999942,1.0000000000,true,1.0000000000
RZE__to__KAT_cand_132__to__POZ_cand_372__to__BZG_cand_163,0.19,6,11.3,1.6570000000000005,0.3,3.8417599999999936,1.0000000000,true,1.0000000000
RZE__to__KAT_cand_132__to__POZ_cand_372__to__BZG_cand_164,0.19,6,11.3,1.6570000000000005,0.3,6.2,1.0000000000,true,1.0000000000
RZE__to__KAT_cand_132__to__POZ_cand_372__to__BZG_cand_165,0.19,6,11.3,1.6570000000000005,0.3,6.642169999999993,1.0000000000,true,1.0000000000
RZE__to__KAT_cand_132__to__POZ_cand_372__to__BZG_cand_166,0.19,6,11.3,1.6570000000000005,0.3,9.442579999999992,1.0000000000,true,1.0000000000
RZE__to__KAT_cand_132__to__POZ_cand_372__to__BZG_cand_167,0.19,6,11.3,1.6570000000000005,0.3,12.242989999999992,1.0000000000,true,1.0000000000
RZE__to__KAT_cand_132__to__POZ_cand_372__to__BZG_cand_168,0.3,6,11.3,0.7450000000000004,0.3,-12.960700000000003,1.0000000000,true,1.0000000000
RZE__to__KAT_cand_132__to__POZ_cand_372__to__BZG_cand_169,0.3,6,11.3,0.7450000000000004,0.3,-10.160290000000003,1.0000000000,true,1.0000000000
RZE__to__KAT_cand_132__to__POZ_cand_372__to__BZG_cand_170,0.3,6,11.3,0.7450000000000004,0.3,-8.539000000000001,1.0000000000,true,1.0000000000
RZE__to__KAT_cand_132__to__POZ_cand_372__to__BZG_cand_171,0.3,6,11.3,0.7450000000000004,0.3,-7.359880000000004,1.0000000000,true,1.0000000000
RZE__to__KAT_cand_132__to__POZ_cand_372__to__BZG_cand_172,0.3,6,11.3,0.7450000000000004,0.3,-4.559470000000005,1.0000000000,true,1.0000000000
RZE__to__KAT_cand_132__to__POZ_cand_372__to__BZG_cand_173,0.3,6,11.3,0.7450000000000004,0.3,-1.7590600000000052,1.0000000000,true,1.0000000000
RZE__to__KAT_cand_132__to__POZ_cand_372__to__BZG_cand_174,0.3,6,11.3,0.7450000000000004,0.3,1.0413499999999942,1.0000000000,true,1.0000000000
RZE__to__KAT_cand_132__to__POZ_cand_372__to__BZG_cand_175,0.3,6,11.3,0.7450000000000004,0.3,3.8417599999999936,1.0000000000,true,1.0000000000
RZE__to__KAT_cand_132__to__POZ_cand_372__to__BZG_cand_176,0.3,6,11.3,0.7450000000000004,0.3,6.2,1.0000000000,true,1.0000000000
RZE__to__KAT_cand_132__to__POZ_cand_372__to__BZG_cand_177,0.3,6,11.3,0.7450000000000004,0.3,6.642169999999993,1.0000000000,true,1.0000000000
RZE__to__KAT_cand_132__to__POZ_cand_372__to__BZG_cand_178,0.3,6,11.3,0.7450000000000004,0.3,9.442579999999992,1.0000000000,true,1.0000000000
RZE__to__KAT_cand_132__to__POZ_cand_372__to__BZG_cand_179,0.3,6,11.3,0.7450000000000004,0.3,12.242989999999992,1.0000000000,true,1.0000000000
RZE__to__KAT_cand_132__to__POZ_cand_372__to__BZG_cand_180,0.3,6,11.3,0.9730000000000004,0.3,-12.960700000000003,1.0000000000,true,1.0000000000
RZE__to__KAT_cand_132__to__POZ_cand_372__to__BZG_cand_181,0.3,6,11.3,0.9730000000000004,0.3,-10.160290000000003,1.0000000000,true,1.0000000000
RZE__to__KAT_cand_132__to__POZ_cand_372__to__BZG_cand_182,0.3,6,11.3,0.9730000000000004,0.3,-8.539000000000001,1.0000000000,true,1.0000000000
RZE__to__KAT_cand_132__to__POZ_cand_372__to__BZG_cand_183,0.3,6,11.3,0.9730000000000004,0.3,-7.359880000000004,1.0000000000,true,1.0000000000
RZE__to__KAT_cand_132__to__POZ_cand_372__to__BZG_cand_184,0.3,6,11.3,0.9730000000000004,0.3,-4.559470000000005,1.0000000000,true,1.0000000000
RZE__to__KAT_cand_132__to__POZ_cand_372__to__BZG_cand_185,0.3,6,11.3,0.9730000000000004,0.3,-1.7590600000000052,1.0000000000,true,1.0000000000
RZE__to__KAT_cand_132__to__POZ_cand_372__to__BZG_cand_186,0.3,6,11.3,0.9730000000000004,0.3,1.0413499999999942,1.0000000000,true,1.0000000000
RZE__to__KAT_cand_132__to__POZ_cand_372__to__BZG_cand_187,0.3,6,11.3,0.9730000000000004,0.3,3.8417599999999936,1.0000000000,true,1.0000000000
RZE__to__KAT_cand_132__to__POZ_cand_372__to__BZG_cand_188,0.3,6,11.3,0.9730000000000004,0.3,6.2,1.0000000000,true,1.0000000000
RZE__to__KAT_cand_132__to__POZ_cand_372__to__BZG_cand_189,0.3,6,11.3,0.9730000000000004,0.3,6.642169999999993,1.0000000000,true,1.0000000000
RZE__to__KAT_cand_132__to__POZ_cand_372__to__BZG_cand_190,0.3,6,11.3,0.9730000000000004,0.3,9.442579999999992,1.0000000000,true,1.0000000000
RZE__to__KAT_cand_132__to__POZ_cand_372__to__BZG_cand_191,0.3,6,11.3,0.9730000000000004,0.3,12.242989999999992,1.0000000000,true,1.0000000000
RZE__to__KAT_cand_132__to__POZ_cand_372__to__BZG_cand_192,0.3,6,11.3,1.1050000000000004,0.3,-12.960700000000003,1.0000000000,true,1.0000000000
RZE__to__KAT_cand_132__to__POZ_cand_372__to__BZG_cand_193,0.3,6,11.3,1.1050000000000004,0.3,-10.160290000000003,1.0000000000,true,1.0000000000
RZE__to__KAT_cand_132__to__POZ_cand_372__to__BZG_cand_194,0.3,6,11.3,1.1050000000000004,0.3,-8.539000000000001,1.0000000000,true,1.0000000000
RZE__to__KAT_cand_132__to__POZ_cand_372__to__BZG_cand_195,0.3,6,11.3,1.1050000000000004,0.3,-7.359880000000004,1.0000000000,true,1.0000000000
RZE__to__KAT_cand_132__to__POZ_cand_372__to__BZG_cand_196,0.3,6,11.3,1.1050000000000004,0.3,-4.559470000000005,1.0000000000,true,1.0000000000
RZE__to__KAT_cand_132__to__POZ_cand_372__to__BZG_cand_197,0.3,6,11.3,1.1050000000000004,0.3,-1.7590600000000052,1.0000000000,true,1.0000000000
RZE__to__KAT_cand_132__to__POZ_cand_372__to__BZG_cand_198,0.3,6,11.3,1.1050000000000004,0.3,1.0413499999999942,1.0000000000,true,1.0000000000
RZE__to__KAT_cand_132__to__POZ_cand_372__to__BZG_cand_199,0.3,6,11.3,1.1050000000000004,0.3,3.8417599999999936,1.0000000000,true,1.0000000000
RZE__to__KAT_cand_132__to__POZ_cand_372__to__BZG_cand_200,0.3,6,11.3,1.1050000000000004,0.3,6.2,1.0000000000,true,1.0000000000
RZE__to__KAT_cand_132__to__POZ_cand_372__to__BZG_cand_201,0.3,6,11.3,1.1050000000000004,0.3,6.642169999999993,1.0000000000,true,1.0000000000
RZE__to__KAT_cand_132__to__POZ_cand_372__to__BZG_cand_202,0.3,6,11.3,1.1050000000000004,0.3,9.442579999999992,1.0000000000,true,1.0000000000
RZE__to__KAT_cand_132__to__POZ_cand_372__to__BZG_cand_203,0.3,6,11.3,1.1050000000000004,0.3,12.242989999999992,1.0000000000,true,1.0000000000
RZE__to__KAT_cand_132__to__POZ_cand_372__to__BZG_cand_204,0.3,6,11.3,1.2,0.3,-12.960700000000003,1.0000000000,true,1.0000000000
RZE__to__KAT_cand_132__to__POZ_cand_372__to__BZG_cand_205,0.3,6,11.3,1.2,0.3,-10.160290000000003,1.0000000000,true,1.0000000000
RZE__to__KAT_cand_132__to__POZ_cand_372__to__BZG_cand_206,0.3,6,11.3,1.2,0.3,-8.539000000000001,1.0000000000,true,1.0000000000
RZE__to__KAT_cand_132__to__POZ_cand_372__to__BZG_cand_207,0.3,6,11.3,1.2,0.3,-7.359880000000004,1.0000000000,true,1.0000000000
RZE__to__KAT_cand_132__to__POZ_cand_372__to__BZG_cand_208,0.3,6,11.3,1.2,0.3,-4.559470000000005,1.0000000000,true,1.0000000000
RZE__to__KAT_cand_132__to__POZ_cand_372__to__BZG_cand_209,0.3,6,11.3,1.2,0.3,-1.7590600000000052,1.0000000000,true,1.0000000000
RZE__to__KAT_cand_132__to__POZ_cand_372__to__BZG_cand_210,0.3,6,11.3,1.2,0.3,1.0413499999999942,1.0000000000,true,1.0000000000
RZE__to__KAT_cand_132__to__POZ_cand_372__to__BZG_cand_211,0.3,6,11.3,1.2,0.3,3.8417599999999936,1.0000000000,true,1.0000000000
RZE__to__KAT_cand_132__to__POZ_cand_372__to__BZG_cand_212,0.3,6,11.3,1.2,0.3,6.2,1.0000000000,true,1.0000000000
RZE__to__KAT_cand_132__to__POZ_cand_372__to__BZG_cand_213,0.3,6,11.3,1.2,0.3,6.642169999999993,1.0000000000,true,1.0000000000
RZE__to__KAT_cand_132__to__POZ_cand_372__to__BZG_cand_214,0.3,6,11.3,1.2,0.3,9.442579999999992,1.0000000000,true,1.0000000000
RZE__to__KAT_cand_132__to__POZ_cand_372__to__BZG_cand_215,0.3,6,11.3,1.2,0.3,12.242989999999992,1.0000000000,true,1.0000000000
RZE__to__KAT_cand_132__to__POZ_cand_372__to__BZG_cand_216,0.3,6,11.3,1.2010000000000005,0.3,-12.960700000000003,1.0000000000,true,1.0000000000
RZE__to__KAT_cand_132__to__POZ_cand_372__to__BZG_cand_217,0.3,6,11.3,1.2010000000000005,0.3,-10.160290000000003,1.0000000000,true,1.0000000000
RZE__to__KAT_cand_132__to__POZ_cand_372__to__BZG_cand_218,0.3,6,11.3,1.2010000000000005,0.3,-8.539000000000001,1.0000000000,true,1.0000000000
RZE__to__KAT_cand_132__to__POZ_cand_372__to__BZG_cand_219,0.3,6,11.3,1.2010000000000005,0.3,-7.359880000000004,1.0000000000,true,1.0000000000
RZE__to__KAT_cand_132__to__POZ_cand_372__to__BZG_cand_220,0.3,6,11.3,1.2010000000000005,0.3,-4.559470000000005,1.0000000000,true,1.0000000000
RZE__to__KAT_cand_132__to__POZ_cand_372__to__BZG_cand_221,0.3,6,11.3,1.2010000000000005,0.3,-1.7590600000000052,1.0000000000,true,1.0000000000
RZE__to__KAT_cand_132__to__POZ_cand_372__to__BZG_cand_222,0.3,6,11.3,1.2010000000000005,0.3,1.0413499999999942,1.0000000000,true,1.0000000000
RZE__to__KAT_cand_132__to__POZ_cand_372__to__BZG_cand_223,0.3,6,11.3,1.2010000000000005,0.3,3.8417599999999936,1.0000000000,true,1.0000000000
RZE__to__KAT_cand_132__to__POZ_cand_372__to__BZG_cand_224,0.3,6,11.3,1.2010000000000005,0.3,6.2,1.0000000000,true,1.0000000000
RZE__to__KAT_cand_132__to__POZ_cand_372__to__BZG_cand_225,0.3,6,11.3,1.2010000000000005,0.3,6.642169999999993,1.0000000000,true,1.0000000000
RZE__to__KAT_cand_132__to__POZ_cand_372__to__BZG_cand_226,0.3,6,11.3,1.2010000000000005,0.3,9.442579999999992,1.0000000000,true,1.0000000000
RZE__to__KAT_cand_132__to__POZ_cand_372__to__BZG_cand_227,0.3,6,11.3,1.2010000000000005,0.3,12.242989999999992,1.0000000000,true,1.0000000000
RZE__to__KAT_cand_132__to__POZ_cand_372__to__BZG_cand_228,0.3,6,11.3,1.4290000000000003,0.3,-12.960700000000003,1.0000000000,true,1.0000000000
RZE__to__KAT_cand_132__to__POZ_cand_372__to__BZG_cand_229,0.3,6,11.3,1.4290000000000003,0.3,-10.160290000000003,1.0000000000,true,1.0000000000
RZE__to__KAT_cand_132__to__POZ_cand_372__to__BZG_cand_230,0.3,6,11.3,1.4290000000000003,0.3,-8.539000000000001,1.0000000000,true,1.0000000000
RZE__to__KAT_cand_132__to__POZ_cand_372__to__BZG_cand_231,0.3,6,11.3,1.4290000000000003,0.3,-7.359880000000004,1.0000000000,true,1.0000000000
RZE__to__KAT_cand_132__to__POZ_cand_372__to__BZG_cand_232,0.3,6,11.3,1.4290000000000003,0.3,-4.559470000000005,1.0000000000,true,1.0000000000
RZE__to__KAT_cand_132__to__POZ_cand_372__to__BZG_cand_233,0.3,6,11.3,1.4290000000000003,0.3,-1.7590600000000052,1.0000000000,true,1.0000000000
RZE__to__KAT_cand_132__to__POZ_cand_372__to__BZG_cand_234,0.3,6,11.3,1.4290000000000003,0.3,1.0413499999999942,1.0000000000,true,1.0000000000
RZE__to__KAT_cand_132__to__POZ_cand_372__to__BZG_cand_235,0.3,6,11.3,1.4290000000000003,0.3,3.8417599999999936,1.0000000000,true,1.0000000000
RZE__to__KAT_cand_132__to__POZ_cand_372__to__BZG_cand_236,0.3,6,11.3,1.4290000000000003,0.3,6.2,1.0000000000,true,1.0000000000
RZE__to__KAT_cand_132__to__POZ_cand_372__to__BZG_cand_237,0.3,6,11.3,1.4290000000000003,0.3,6.642169999999993,1.0000000000,true,1.0000000000
RZE__to__KAT_cand_132__to__POZ_cand_372__to__BZG_cand_238,0.3,6,11.3,1.4290000000000003,0.3,9.442579999999992,1.0000000000,true,1.0000000000
RZE__to__KAT_cand_132__to__POZ_cand_372__to__BZG_cand_239,0.3,6,11.3,1.4290000000000003,0.3,12.242989999999992,1.0000000000,true,1.0000000000
RZE__to__KAT_cand_132__to__POZ_cand_372__to__BZG_cand_240,0.3,6,11.3,1.6570000000000005,0.3,-12.960700000000003,1.0000000000,true,1.0000000000
RZE__to__KAT_cand_132__to__POZ_cand_372__to__BZG_cand_241,0.3,6,11.3,1.6570000000000005,0.3,-10.160290000000003,1.0000000000,true,1.0000000000
RZE__to__KAT_cand_132__to__POZ_cand_372__to__BZG_cand_242,0.3,6,11.3,1.6570000000000005,0.3,-8.539000000000001,1.0000000000,true,1.0000000000
RZE__to__KAT_cand_132__to__POZ_cand_372__to__BZG_cand_243,0.3,6,11.3,1.6570000000000005,0.3,-7.359880000000004,1.0000000000,true,1.0000000000
RZE__to__KAT_cand_132__to__POZ_cand_372__to__BZG_cand_244,0.3,6,11.3,1.6570000000000005,0.3,-4.559470000000005,1.0000000000,true,1.0000000000
RZE__to__KAT_cand_132__to__POZ_cand_372__to__BZG_cand_245,0.3,6,11.3,1.6570000000000005,0.3,-1.7590600000000052,1.0000000000,true,1.0000000000
RZE__to__KAT_cand_132__to__POZ_cand_372__to__BZG_cand_246,0.3,6,11.3,1.6570000000000005,0.3,1.0413499999999942,1.0000000000,true,1.0000000000
RZE__to__KAT_cand_132__to__POZ_cand_372__to__BZG_cand_247,0.3,6,11.3,1.6570000000000005,0.3,3.8417599999999936,1.0000000000,true,1.0000000000
RZE__to__KAT_cand_132__to__POZ_cand_372__to__BZG_cand_248,0.3,6,11.3,1.6570000000000005,0.3,6.2,1.0000000000,true,1.0000000000
RZE__to__KAT_cand_132__to__POZ_cand_372__to__BZG_cand_249,0.3,6,11.3,1.6570000000000005,0.3,6.642169999999993,1.0000000000,true,1.0000000000
RZE__to__KAT_cand_132__to__POZ_cand_372__to__BZG_cand_250,0.3,6,11.3,1.6570000000000005,0.3,9.442579999999992,1.0000000000,true,1.0000000000
RZE__to__KAT_cand_132__to__POZ_cand_372__to__BZG_cand_251,0.3,6,11.3,1.6570000000000005,0.3,12.242989999999992,1.0000000000,true,1.0000000000
RZE__to__KAT_cand_132__to__POZ_cand_372__to__BZG_cand_252,0.324,6,11.3,0.7450000000000004,0.3,-12.960700000000003,1.0000000000,true,1.0000000000
RZE__to__KAT_cand_132__to__POZ_cand_372__to__BZG_cand_253,0.324,6,11.3,0.7450000000000004,0.3,-10.160290000000003,1.0000000000,true,1.0000000000
RZE__to__KAT_cand_132__to__POZ_cand_372__to__BZG_cand_254,0.324,6,11.3,0.7450000000000004,0.3,-8.539000000000001,1.0000000000,true,1.0000000000
RZE__to__KAT_cand_132__to__POZ_cand_372__to__BZG_cand_255,0.324,6,11.3,0.7450000000000004,0.3,-7.359880000000004,1.0000000000,true,1.0000000000
RZE__to__KAT_cand_132__to__POZ_cand_372__to__BZG_cand_256,0.324,6,11.3,0.7450000000000004,0.3,-4.559470000000005,1.0000000000,true,1.0000000000
RZE__to__KAT_cand_132__to__POZ_cand_372__to__BZG_cand_257,0.324,6,11.3,0.7450000000000004,0.3,-1.7590600000000052,1.0000000000,true,1.0000000000
RZE__to__KAT_cand_132__to__POZ_cand_372__to__BZG_cand_258,0.324,6,11.3,0.7450000000000004,0.3,1.0413499999999942,1.0000000000,true,1.0000000000
RZE__to__KAT_cand_132__to__POZ_cand_372__to__BZG_cand_259,0.324,6,11.3,0.7450000000000004,0.3,3.8417599999999936,1.0000000000,true,1.0000000000
RZE__to__KAT_cand_132__to__POZ_cand_372__to__BZG_cand_260,0.324,6,11.3,0.7450000000000004,0.3,6.2,1.0000000000,true,1.0000000000
RZE__to__KAT_cand_132__to__POZ_cand_372__to__BZG_cand_261,0.324,6,11.3,0.7450000000000004,0.3,6.642169999999993,1.0000000000,true,1.0000000000
RZE__to__KAT_cand_132__to__POZ_cand_372__to__BZG_cand_262,0.324,6,11.3,0.7450000000000004,0.3,9.442579999999992,1.0000000000,true,1.0000000000
RZE__to__KAT_cand_132__to__POZ_cand_372__to__BZG_cand_263,0.324,6,11.3,0.7450000000000004,0.3,12.242989999999992,1.0000000000,true,1.0000000000
RZE__to__KAT_cand_132__to__POZ_cand_372__to__BZG_cand_264,0.324,6,11.3,0.9730000000000004,0.3,-12.960700000000003,1.0000000000,true,1.0000000000
RZE__to__KAT_cand_132__to__POZ_cand_372__to__BZG_cand_265,0.324,6,11.3,0.9730000000000004,0.3,-10.160290000000003,1.0000000000,true,1.0000000000
RZE__to__KAT_cand_132__to__POZ_cand_372__to__BZG_cand_266,0.324,6,11.3,0.9730000000000004,0.3,-8.539000000000001,1.0000000000,true,1.0000000000
RZE__to__KAT_cand_132__to__POZ_cand_372__to__BZG_cand_267,0.324,6,11.3,0.9730000000000004,0.3,-7.359880000000004,1.0000000000,true,1.0000000000
RZE__to__KAT_cand_132__to__POZ_cand_372__to__BZG_cand_268,0.324,6,11.3,0.9730000000000004,0.3,-4.559470000000005,1.0000000000,true,1.0000000000
RZE__to__KAT_cand_132__to__POZ_cand_372__to__BZG_cand_269,0.324,6,11.3,0.9730000000000004,0.3,-1.7590600000000052,1.0000000000,true,1.0000000000
RZE__to__KAT_cand_132__to__POZ_cand_372__to__BZG_cand_270,0.324,6,11.3,0.9730000000000004,0.3,1.0413499999999942,1.0000000000,true,1.0000000000
RZE__to__KAT_cand_132__to__POZ_cand_372__to__BZG_cand_271,0.324,6,11.3,0.9730000000000004,0.3,3.8417599999999936,1.0000000000,true,1.0000000000
RZE__to__KAT_cand_132__to__POZ_cand_372__to__BZG_cand_272,0.324,6,11.3,0.9730000000000004,0.3,6.2,1.0000000000,true,1.0000000000
RZE__to__KAT_cand_132__to__POZ_cand_372__to__BZG_cand_273,0.324,6,11.3,0.9730000000000004,0.3,6.642169999999993,1.0000000000,true,1.0000000000
RZE__to__KAT_cand_132__to__POZ_cand_372__to__BZG_cand_274,0.324,6,11.3,0.9730000000000004,0.3,9.442579999999992,1.0000000000,true,1.0000000000
RZE__to__KAT_cand_132__to__POZ_cand_372__to__BZG_cand_275,0.324,6,11.3,0.9730000000000004,0.3,12.242989999999992,1.0000000000,true,1.0000000000
RZE__to__KAT_cand_132__to__POZ_cand_372__to__BZG_cand_276,0.324,6,11.3,1.1050000000000004,0.3,-12.960700000000003,1.0000000000,true,1.0000000000
RZE__to__KAT_cand_132__to__POZ_cand_372__to__BZG_cand_277,0.324,6,11.3,1.1050000000000004,0.3,-10.160290000000003,1.0000000000,true,1.0000000000
RZE__to__KAT_cand_132__to__POZ_cand_372__to__BZG_cand_278,0.324,6,11.3,1.1050000000000004,0.3,-8.539000000000001,1.0000000000,true,1.0000000000
RZE__to__KAT_cand_132__to__POZ_cand_372__to__BZG_cand_279,0.324,6,11.3,1.1050000000000004,0.3,-7.359880000000004,1.0000000000,true,1.0000000000
RZE__to__KAT_cand_132__to__POZ_cand_372__to__BZG_cand_280,0.324,6,11.3,1.1050000000000004,0.3,-4.559470000000005,1.0000000000,true,1.0000000000
RZE__to__KAT_cand_132__to__POZ_cand_372__to__BZG_cand_281,0.324,6,11.3,1.1050000000000004,0.3,-1.7590600000000052,1.0000000000,true,1.0000000000
RZE__to__KAT_cand_132__to__POZ_cand_372__to__BZG_cand_282,0.324,6,11.3,1.1050000000000004,0.3,1.0413499999999942,1.0000000000,true,1.0000000000
RZE__to__KAT_cand_132__to__POZ_cand_372__to__BZG_cand_283,0.324,6,11.3,1.1050000000000004,0.3,3.8417599999999936,1.0000000000,true,1.0000000000
RZE__to__KAT_cand_132__to__POZ_cand_372__to__BZG_cand_284,0.324,6,11.3,1.1050000000000004,0.3,6.2,1.0000000000,true,1.0000000000
RZE__to__KAT_cand_132__to__POZ_cand_372__to__BZG_cand_285,0.324,6,11.3,1.1050000000000004,0.3,6.642169999999993,1.0000000000,true,1.0000000000
RZE__to__KAT_cand_132__to__POZ_cand_372__to__BZG_cand_286,0.324,6,11.3,1.1050000000000004,0.3,9.442579999999992,1.0000000000,true,1.0000000000
RZE__to__KAT_cand_132__to__POZ_cand_372__to__BZG_cand_287,0.324,6,11.3,1.1050000000000004,0.3,12.242989999999992,1.0000000000,true,1.0000000000
RZE__to__KAT_cand_132__to__POZ_cand_372__to__BZG_cand_288,0.324,6,11.3,1.2,0.3,-12.960700000000003,1.0000000000,true,1.0000000000
RZE__to__KAT_cand_132__to__POZ_cand_372__to__BZG_cand_289,0.324,6,11.3,1.2,0.3,-10.160290000000003,1.0000000000,true,1.0000000000
RZE__to__KAT_cand_132__to__POZ_cand_372__to__BZG_cand_290,0.324,6,11.3,1.2,0.3,-8.539000000000001,1.0000000000,true,1.0000000000
RZE__to__KAT_cand_132__to__POZ_cand_372__to__BZG_cand_291,0.324,6,11.3,1.2,0.3,-7.359880000000004,1.0000000000,true,1.0000000000
RZE__to__KAT_cand_132__to__POZ_cand_372__to__BZG_cand_292,0.324,6,11.3,1.2,0.3,-4.559470000000005,1.0000000000,true,1.0000000000
RZE__to__KAT_cand_132__to__POZ_cand_372__to__BZG_cand_293,0.324,6,11.3,1.2,0.3,-1.7590600000000052,1.0000000000,true,1.0000000000
RZE__to__KAT_cand_132__to__POZ_cand_372__to__BZG_cand_294,0.324,6,11.3,1.2,0.3,1.0413499999999942,1.0000000000,true,1.0000000000
RZE__to__KAT_cand_132__to__POZ_cand_372__to__BZG_cand_295,0.324,6,11.3,1.2,0.3,3.8417599999999936,1.0000000000,true,1.0000000000
RZE__to__KAT_cand_132__to__POZ_cand_372__to__BZG_cand_296,0.324,6,11.3,1.2,0.3,6.2,1.0000000000,true,1.0000000000
RZE__to__KAT_cand_132__to__POZ_cand_372__to__BZG_cand_297,0.324,6,11.3,1.2,0.3,6.642169999999993,1.0000000000,true,1.0000000000
RZE__to__KAT_cand_132__to__POZ_cand_372__to__BZG_cand_298,0.324,6,11.3,1.2,0.3,9.442579999999992,1.0000000000,true,1.0000000000
RZE__to__KAT_cand_132__to__POZ_cand_372__to__BZG_cand_299,0.324,6,11.3,1.2,0.3,12.242989999999992,1.0000000000,true,1.0000000000
RZE__to__KAT_cand_132__to__POZ_cand_372__to__BZG_cand_300,0.324,6,11.3,1.2010000000000005,0.3,-12.960700000000003,1.0000000000,true,1.0000000000
RZE__to__KAT_cand_132__to__POZ_cand_372__to__BZG_cand_301,0.324,6,11.3,1.2010000000000005,0.3,-10.160290000000003,1.0000000000,true,1.0000000000
RZE__to__KAT_cand_132__to__POZ_cand_372__to__BZG_cand_302,0.324,6,11.3,1.2010000000000005,0.3,-8.539000000000001,1.0000000000,true,1.0000000000
RZE__to__KAT_cand_132__to__POZ_cand_372__to__BZG_cand_303,0.324,6,11.3,1.2010000000000005,0.3,-7.359880000000004,1.0000000000,true,1.0000000000
RZE__to__KAT_cand_132__to__POZ_cand_372__to__BZG_cand_304,0.324,6,11.3,1.2010000000000005,0.3,-4.559470000000005,1.0000000000,true,1.0000000000
RZE__to__KAT_cand_132__to__POZ_cand_372__to__BZG_cand_305,0.324,6,11.3,1.2010000000000005,0.3,-1.7590600000000052,1.0000000000,true,1.0000000000
RZE__to__KAT_cand_132__to__POZ_cand_372__to__BZG_cand_306,0.324,6,11.3,1.2010000000000005,0.3,1.0413499999999942,1.0000000000,true,1.0000000000
RZE__to__KAT_cand_132__to__POZ_cand_372__to__BZG_cand_307,0.324,6,11.3,1.2010000000000005,0.3,3.8417599999999936,1.0000000000,true,1.0000000000
RZE__to__KAT_cand_132__to__POZ_cand_372__to__BZG_cand_308,0.324,6,11.3,1.2010000000000005,0.3,6.2,1.0000000000,true,1.0000000000
RZE__to__KAT_cand_132__to__POZ_cand_372__to__BZG_cand_309,0.324,6,11.3,1.2010000000000005,0.3,6.642169999999993,1.0000000000,true,1.0000000000
RZE__to__KAT_cand_132__to__POZ_cand_372__to__BZG_cand_310,0.324,6,11.3,1.2010000000000005,0.3,9.442579999999992,1.0000000000,true,1.0000000000
RZE__to__KAT_cand_132__to__POZ_cand_372__to__BZG_cand_311,0.324,6,11.3,1.2010000000000005,0.3,12.242989999999992,1.0000000000,true,1.0000000000
RZE__to__KAT_cand_132__to__POZ_cand_372__to__BZG_cand_312,0.324,6,11.3,1.4290000000000003,0.3,-12.960700000000003,1.0000000000,true,1.0000000000
RZE__to__KAT_cand_132__to__POZ_cand_372__to__BZG_cand_313,0.324,6,11.3,1.4290000000000003,0.3,-10.160290000000003,1.0000000000,true,1.0000000000
RZE__to__KAT_cand_132__to__POZ_cand_372__to__BZG_cand_314,0.324,6,11.3,1.4290000000000003,0.3,-8.539000000000001,1.0000000000,true,1.0000000000
RZE__to__KAT_cand_132__to__POZ_cand_372__to__BZG_cand_315,0.324,6,11.3,1.4290000000000003,0.3,-7.359880000000004,1.0000000000,true,1.0000000000
RZE__to__KAT_cand_132__to__POZ_cand_372__to__BZG_cand_316,0.324,6,11.3,1.4290000000000003,0.3,-4.559470000000005,1.0000000000,true,1.0000000000
RZE__to__KAT_cand_132__to__POZ_cand_372__to__BZG_cand_317,0.324,6,11.3,1.4290000000000003,0.3,-1.7590600000000052,1.0000000000,true,1.0000000000
RZE__to__KAT_cand_132__to__POZ_cand_372__to__BZG_cand_318,0.324,6,11.3,1.4290000000000003,0.3,1.0413499999999942,1.0000000000,true,1.0000000000
RZE__to__KAT_cand_132__to__POZ_cand_372__to__BZG_cand_319,0.324,6,11.3,1.4290000000000003,0.3,3.8417599999999936,1.0000000000,true,1.0000000000
RZE__to__KAT_cand_132__to__POZ_cand_372__to__BZG_cand_320,0.324,6,11.3,1.4290000000000003,0.3,6.2,1.0000000000,true,1.0000000000
RZE__to__KAT_cand_132__to__POZ_cand_372__to__BZG_cand_321,0.324,6,11.3,1.4290000000000003,0.3,6.642169999999993,1.0000000000,true,1.0000000000
RZE__to__KAT_cand_132__to__POZ_cand_372__to__BZG_cand_322,0.324,6,11.3,1.4290000000000003,0.3,9.442579999999992,1.0000000000,true,1.0000000000
RZE__to__KAT_cand_132__to__POZ_cand_372__to__BZG_cand_323,0.324,6,11.3,1.4290000000000003,0.3,12.242989999999992,1.0000000000,true,1.0000000000
RZE__to__KAT_cand_132__to__POZ_cand_372__to__BZG_cand_324,0.324,6,11.3,1.6570000000000005,0.3,-12.960700000000003,1.0000000000,true,1.0000000000
RZE__to__KAT_cand_132__to__POZ_cand_372__to__BZG_cand_325,0.324,6,11.3,1.6570000000000005,0.3,-10.160290000000003,1.0000000000,true,1.0000000000
RZE__to__KAT_cand_132__to__POZ_cand_372__to__BZG_cand_326,0.324,6,11.3,1.6570000000000005,0.3,-8.539000000000001,1.0000000000,true,1.0000000000
RZE__to__KAT_cand_132__to__POZ_cand_372__to__BZG_cand_327,0.324,6,11.3,1.6570000000000005,0.3,-7.359880000000004,1.0000000000,true,1.0000000000
RZE__to__KAT_cand_132__to__POZ_cand_372__to__BZG_cand_328,0.324,6,11.3,1.6570000000000005,0.3,-4.559470000000005,1.0000000000,true,1.0000000000
RZE__to__KAT_cand_132__to__POZ_cand_372__to__BZG_cand_329,0.324,6,11.3,1.6570000000000005,0.3,-1.7590600000000052,1.0000000000,true,1.0000000000
RZE__to__KAT_cand_132__to__POZ_cand_372__to__BZG_cand_330,0.324,6,11.3,1.6570000000000005,0.3,1.0413499999999942,1.0000000000,true,1.0000000000
RZE__to__KAT_cand_132__to__POZ_cand_372__to__BZG_cand_331,0.324,6,11.3,1.6570000000000005,0.3,3.8417599999999936,1.0000000000,true,1.0000000000
RZE__to__KAT_cand_132__to__POZ_cand_372__to__BZG_cand_332,0.324,6,11.3,1.6570000000000005,0.3,6.2,1.0000000000,true,1.0000000000
RZE__to__KAT_cand_132__to__POZ_cand_372__to__BZG_cand_333,0.324,6,11.3,1.6570000000000005,0.3,6.642169999999993,1.0000000000,true,1.0000000000
RZE__to__KAT_cand_132__to__POZ_cand_372__to__BZG_cand_334,0.324,6,11.3,1.6570000000000005,0.3,9.442579999999992,1.0000000000,true,1.0000000000
RZE__to__KAT_cand_132__to__POZ_cand_372__to__BZG_cand_335,0.324,6,11.3,1.6570000000000005,0.3,12.242989999999992,1.0000000000,true,1.0000000000
RZE__to__KAT_cand_132__to__POZ_cand_372__to__BZG_cand_336,0.38,6,11.3,0.7450000000000004,0.3,-12.960700000000003,1.0000000000,true,1.0000000000
RZE__to__KAT_cand_132__to__POZ_cand_372__to__BZG_cand_337,0.38,6,11.3,0.7450000000000004,0.3,-10.160290000000003,1.0000000000,true,1.0000000000
RZE__to__KAT_cand_132__to__POZ_cand_372__to__BZG_cand_338,0.38,6,11.3,0.7450000000000004,0.3,-8.539000000000001,1.0000000000,true,1.0000000000
RZE__to__KAT_cand_132__to__POZ_cand_372__to__BZG_cand_339,0.38,6,11.3,0.7450000000000004,0.3,-7.359880000000004,1.0000000000,true,1.0000000000
RZE__to__KAT_cand_132__to__POZ_cand_372__to__BZG_cand_340,0.38,6,11.3,0.7450000000000004,0.3,-4.559470000000005,1.0000000000,true,1.0000000000
RZE__to__KAT_cand_132__to__POZ_cand_372__to__BZG_cand_341,0.38,6,11.3,0.7450000000000004,0.3,-1.7590600000000052,1.0000000000,true,1.0000000000
RZE__to__KAT_cand_132__to__POZ_cand_372__to__BZG_cand_342,0.38,6,11.3,0.7450000000000004,0.3,1.0413499999999942,1.0000000000,true,1.0000000000
RZE__to__KAT_cand_132__to__POZ_cand_372__to__BZG_cand_343,0.38,6,11.3,0.7450000000000004,0.3,3.8417599999999936,1.0000000000,true,1.0000000000
RZE__to__KAT_cand_132__to__POZ_cand_372__to__BZG_cand_344,0.38,6,11.3,0.7450000000000004,0.3,6.2,1.0000000000,true,1.0000000000
RZE__to__KAT_cand_132__to__POZ_cand_372__to__BZG_cand_345,0.38,6,11.3,0.7450000000000004,0.3,6.642169999999993,1.0000000000,true,1.0000000000
RZE__to__KAT_cand_132__to__POZ_cand_372__to__BZG_cand_346,0.38,6,11.3,0.7450000000000004,0.3,9.442579999999992,1.0000000000,true,1.0000000000
RZE__to__KAT_cand_132__to__POZ_cand_372__to__BZG_cand_347,0.38,6,11.3,0.7450000000000004,0.3,12.242989999999992,1.0000000000,true,1.0000000000
RZE__to__KAT_cand_132__to__POZ_cand_372__to__BZG_cand_348,0.38,6,11.3,0.9730000000000004,0.3,-12.960700000000003,1.0000000000,true,1.0000000000
RZE__to__KAT_cand_132__to__POZ_cand_372__to__BZG_cand_349,0.38,6,11.3,0.9730000000000004,0.3,-10.160290000000003,1.0000000000,true,1.0000000000
RZE__to__KAT_cand_132__to__POZ_cand_372__to__BZG_cand_350,0.38,6,11.3,0.9730000000000004,0.3,-8.539000000000001,1.0000000000,true,1.0000000000
RZE__to__KAT_cand_132__to__POZ_cand_372__to__BZG_cand_351,0.38,6,11.3,0.9730000000000004,0.3,-7.359880000000004,1.0000000000,true,1.0000000000
RZE__to__KAT_cand_132__to__POZ_cand_372__to__BZG_cand_352,0.38,6,11.3,0.9730000000000004,0.3,-4.559470000000005,1.0000000000,true,1.0000000000
RZE__to__KAT_cand_132__to__POZ_cand_372__to__BZG_cand_353,0.38,6,11.3,0.9730000000000004,0.3,-1.7590600000000052,1.0000000000,true,1.0000000000
RZE__to__KAT_cand_132__to__POZ_cand_372__to__BZG_cand_354,0.38,6,11.3,0.9730000000000004,0.3,1.0413499999999942,1.0000000000,true,1.0000000000
RZE__to__KAT_cand_132__to__POZ_cand_372__to__BZG_cand_355,0.38,6,11.3,0.9730000000000004,0.3,3.8417599999999936,1.0000000000,true,1.0000000000
RZE__to__KAT_cand_132__to__POZ_cand_372__to__BZG_cand_356,0.38,6,11.3,0.9730000000000004,0.3,6.2,1.0000000000,true,1.0000000000
RZE__to__KAT_cand_132__to__POZ_cand_372__to__BZG_cand_357,0.38,6,11.3,0.9730000000000004,0.3,6.642169999999993,1.0000000000,true,1.0000000000
RZE__to__KAT_cand_132__to__POZ_cand_372__to__BZG_cand_358,0.38,6,11.3,0.9730000000000004,0.3,9.442579999999992,1.0000000000,true,1.0000000000
RZE__to__KAT_cand_132__to__POZ_cand_372__to__BZG_cand_359,0.38,6,11.3,0.9730000000000004,0.3,12.242989999999992,1.0000000000,true,1.0000000000
RZE__to__KAT_cand_132__to__POZ_cand_372__to__BZG_cand_360,0.38,6,11.3,1.1050000000000004,0.3,-12.960700000000003,1.0000000000,true,1.0000000000
RZE__to__KAT_cand_132__to__POZ_cand_372__to__BZG_cand_361,0.38,6,11.3,1.1050000000000004,0.3,-10.160290000000003,1.0000000000,true,1.0000000000
RZE__to__KAT_cand_132__to__POZ_cand_372__to__BZG_cand_362,0.38,6,11.3,1.1050000000000004,0.3,-8.539000000000001,1.0000000000,true,1.0000000000
RZE__to__KAT_cand_132__to__POZ_cand_372__to__BZG_cand_363,0.38,6,11.3,1.1050000000000004,0.3,-7.359880000000004,1.0000000000,true,1.0000000000
RZE__to__KAT_cand_132__to__POZ_cand_372__to__BZG_cand_364,0.38,6,11.3,1.1050000000000004,0.3,-4.559470000000005,1.0000000000,true,1.0000000000
RZE__to__KAT_cand_132__to__POZ_cand_372__to__BZG_cand_365,0.38,6,11.3,1.1050000000000004,0.3,-1.7590600000000052,1.0000000000,true,1.0000000000
RZE__to__KAT_cand_132__to__POZ_cand_372__to__BZG_cand_366,0.38,6,11.3,1.1050000000000004,0.3,1.0413499999999942,1.0000000000,true,1.0000000000
RZE__to__KAT_cand_132__to__POZ_cand_372__to__BZG_cand_367,0.38,6,11.3,1.1050000000000004,0.3,3.8417599999999936,1.0000000000,true,1.0000000000
RZE__to__KAT_cand_132__to__POZ_cand_372__to__BZG_cand_368,0.38,6,11.3,1.1050000000000004,0.3,6.2,1.0000000000,true,1.0000000000
RZE__to__KAT_cand_132__to__POZ_cand_372__to__BZG_cand_369,0.38,6,11.3,1.1050000000000004,0.3,6.642169999999993,1.0000000000,true,1.0000000000
RZE__to__KAT_cand_132__to__POZ_cand_372__to__BZG_cand_370,0.38,6,11.3,1.1050000000000004,0.3,9.442579999999992,1.0000000000,true,1.0000000000
RZE__to__KAT_cand_132__to__POZ_cand_372__to__BZG_cand_371,0.38,6,11.3,1.1050000000000004,0.3,12.242989999999992,1.0000000000,true,1.0000000000
RZE__to__KAT_cand_132__to__POZ_cand_372__to__BZG_cand_372,0.38,6,11.3,1.2,0.3,-12.960700000000003,1.0000000000,true,1.0000000000
RZE__to__KAT_cand_132__to__POZ_cand_372__to__BZG_cand_373,0.38,6,11.3,1.2,0.3,-10.160290000000003,1.0000000000,true,1.0000000000
RZE__to__KAT_cand_132__to__POZ_cand_372__to__BZG_cand_374,0.38,6,11.3,1.2,0.3,-8.539000000000001,1.0000000000,true,1.0000000000
RZE__to__KAT_cand_132__to__POZ_cand_372__to__BZG_cand_375,0.38,6,11.3,1.2,0.3,-7.359880000000004,1.0000000000,true,1.0000000000
RZE__to__KAT_cand_132__to__POZ_cand_372__to__BZG_cand_376,0.38,6,11.3,1.2,0.3,-4.559470000000005,1.0000000000,true,1.0000000000
RZE__to__KAT_cand_132__to__POZ_cand_372__to__BZG_cand_377,0.38,6,11.3,1.2,0.3,-1.7590600000000052,1.0000000000,true,1.0000000000
RZE__to__KAT_cand_132__to__POZ_cand_372__to__BZG_cand_378,0.38,6,11.3,1.2,0.3,1.0413499999999942,1.0000000000,true,1.0000000000
RZE__to__KAT_cand_132__to__POZ_cand_372__to__BZG_cand_379,0.38,6,11.3,1.2,0.3,3.8417599999999936,1.0000000000,true,1.0000000000
RZE__to__KAT_cand_132__to__POZ_cand_372__to__BZG_cand_380,0.38,6,11.3,1.2,0.3,6.2,1.0000000000,true,1.0000000000
RZE__to__KAT_cand_132__to__POZ_cand_372__to__BZG_cand_381,0.38,6,11.3,1.2,0.3,6.642169999999993,1.0000000000,true,1.0000000000
RZE__to__KAT_cand_132__to__POZ_cand_372__to__BZG_cand_382,0.38,6,11.3,1.2,0.3,9.442579999999992,1.0000000000,true,1.0000000000
RZE__to__KAT_cand_132__to__POZ_cand_372__to__BZG_cand_383,0.38,6,11.3,1.2,0.3,12.242989999999992,1.0000000000,true,1.0000000000
RZE__to__KAT_cand_132__to__POZ_cand_372__to__BZG_cand_384,0.38,6,11.3,1.2010000000000005,0.3,-12.960700000000003,1.0000000000,true,1.0000000000
RZE__to__KAT_cand_132__to__POZ_cand_372__to__BZG_cand_385,0.38,6,11.3,1.2010000000000005,0.3,-10.160290000000003,1.0000000000,true,1.0000000000
RZE__to__KAT_cand_132__to__POZ_cand_372__to__BZG_cand_386,0.38,6,11.3,1.2010000000000005,0.3,-8.539000000000001,1.0000000000,true,1.0000000000
RZE__to__KAT_cand_132__to__POZ_cand_372__to__BZG_cand_387,0.38,6,11.3,1.2010000000000005,0.3,-7.359880000000004,1.0000000000,true,1.0000000000
RZE__to__KAT_cand_132__to__POZ_cand_372__to__BZG_cand_388,0.38,6,11.3,1.2010000000000005,0.3,-4.559470000000005,1.0000000000,true,1.0000000000
RZE__to__KAT_cand_132__to__POZ_cand_372__to__BZG_cand_389,0.38,6,11.3,1.2010000000000005,0.3,-1.7590600000000052,1.0000000000,true,1.0000000000
RZE__to__KAT_cand_132__to__POZ_cand_372__to__BZG_cand_390,0.38,6,11.3,1.2010000000000005,0.3,1.0413499999999942,1.0000000000,true,1.0000000000
RZE__to__KAT_cand_132__to__POZ_cand_372__to__BZG_cand_391,0.38,6,11.3,1.2010000000000005,0.3,3.8417599999999936,1.0000000000,true,1.0000000000
RZE__to__KAT_cand_132__to__POZ_cand_372__to__BZG_cand_392,0.38,6,11.3,1.2010000000000005,0.3,6.2,1.0000000000,true,1.0000000000
RZE__to__KAT_cand_132__to__POZ_cand_372__to__BZG_cand_393,0.38,6,11.3,1.2010000000000005,0.3,6.642169999999993,1.0000000000,true,1.0000000000
RZE__to__KAT_cand_132__to__POZ_cand_372__to__BZG_cand_394,0.38,6,11.3,1.2010000000000005,0.3,9.442579999999992,1.0000000000,true,1.0000000000
RZE__to__KAT_cand_132__to__POZ_cand_372__to__BZG_cand_395,0.38,6,11.3,1.2010000000000005,0.3,12.242989999999992,1.0000000000,true,1.0000000000
RZE__to__KAT_cand_132__to__POZ_cand_372__to__BZG_cand_396,0.38,6,11.3,1.4290000000000003,0.3,-12.960700000000003,1.0000000000,true,1.0000000000
RZE__to__KAT_cand_132__to__POZ_cand_372__to__BZG_cand_397,0.38,6,11.3,1.4290000000000003,0.3,-10.160290000000003,1.0000000000,true,1.0000000000
RZE__to__KAT_cand_132__to__POZ_cand_372__to__BZG_cand_398,0.38,6,11.3,1.4290000000000003,0.3,-8.539000000000001,1.0000000000,true,1.0000000000
RZE__to__KAT_cand_132__to__POZ_cand_372__to__BZG_cand_399,0.38,6,11.3,1.4290000000000003,0.3,-7.359880000000004,1.0000000000,true,1.0000000000
RZE__to__KAT_cand_132__to__POZ_cand_372__to__BZG_cand_400,0.38,6,11.3,1.4290000000000003,0.3,-4.559470000000005,1.0000000000,true,1.0000000000
RZE__to__KAT_cand_132__to__POZ_cand_372__to__BZG_cand_401,0.38,6,11.3,1.4290000000000003,0.3,-1.7590600000000052,1.0000000000,true,1.0000000000
RZE__to__KAT_cand_132__to__POZ_cand_372__to__BZG_cand_402,0.38,6,11.3,1.4290000000000003,0.3,1.0413499999999942,1.0000000000,true,1.0000000000
RZE__to__KAT_cand_132__to__POZ_cand_372__to__BZG_cand_403,0.38,6,11.3,1.4290000000000003,0.3,3.8417599999999936,1.0000000000,true,1.0000000000
RZE__to__KAT_cand_132__to__POZ_cand_372__to__BZG_cand_404,0.38,6,11.3,1.4290000000000003,0.3,6.2,1.0000000000,true,1.0000000000
RZE__to__KAT_cand_132__to__POZ_cand_372__to__BZG_cand_405,0.38,6,11.3,1.4290000000000003,0.3,6.642169999999993,1.0000000000,true,1.0000000000
RZE__to__KAT_cand_132__to__POZ_cand_372__to__BZG_cand_406,0.38,6,11.3,1.4290000000000003,0.3,9.442579999999992,1.0000000000,true,1.0000000000
RZE__to__KAT_cand_132__to__POZ_cand_372__to__BZG_cand_407,0.38,6,11.3,1.4290000000000003,0.3,12.242989999999992,1.0000000000,true,1.0000000000
RZE__to__KAT_cand_132__to__POZ_cand_372__to__BZG_cand_408,0.38,6,11.3,1.6570000000000005,0.3,-12.960700000000003,1.0000000000,true,1.0000000000
RZE__to__KAT_cand_132__to__POZ_cand_372__to__BZG_cand_409,0.38,6,11.3,1.6570000000000005,0.3,-10.160290000000003,1.0000000000,true,1.0000000000
RZE__to__KAT_cand_132__to__POZ_cand_372__to__BZG_cand_410,0.38,6,11.3,1.6570000000000005,0.3,-8.539000000000001,1.0000000000,true,1.0000000000
RZE__to__KAT_cand_132__to__POZ_cand_372__to__BZG_cand_411,0.38,6,11.3,1.6570000000000005,0.3,-7.359880000000004,1.0000000000,true,1.0000000000
RZE__to__KAT_cand_132__to__POZ_cand_372__to__BZG_cand_412,0.38,6,11.3,1.6570000000000005,0.3,-4.559470000000005,1.0000000000,true,1.0000000000
RZE__to__KAT_cand_132__to__POZ_cand_372__to__BZG_cand_413,0.38,6,11.3,1.6570000000000005,0.3,-1.7590600000000052,1.0000000000,true,1.0000000000
RZE__to__KAT_cand_132__to__POZ_cand_372__to__BZG_cand_414,0.38,6,11.3,1.6570000000000005,0.3,1.0413499999999942,1.0000000000,true,1.0000000000
RZE__to__KAT_cand_132__to__POZ_cand_372__to__BZG_cand_415,0.38,6,11.3,1.6570000000000005,0.3,3.8417599999999936,1.0000000000,true,1.0000000000
RZE__to__KAT_cand_132__to__POZ_cand_372__to__BZG_cand_416,0.38,6,11.3,1.6570000000000005,0.3,6.2,1.0000000000,true,1.0000000000
RZE__to__KAT_cand_132__to__POZ_cand_372__to__BZG_cand_417,0.38,6,11.3,1.6570000000000005,0.3,6.642169999999993,1.0000000000,true,1.0000000000
RZE__to__KAT_cand_132__to__POZ_cand_372__to__BZG_cand_418,0.38,6,11.3,1.6570000000000005,0.3,9.442579999999992,1.0000000000,true,1.0000000000
RZE__to__KAT_cand_132__to__POZ_cand_372__to__BZG_cand_419,0.38,6,11.3,1.6570000000000005,0.3,12.242989999999992,1.0000000000,true,1.0000000000
RZE__to__KAT_cand_132__to__POZ_cand_372__to__BZG_cand_420,0.5700000000000001,6,11.3,0.7450000000000004,0.3,-12.960700000000003,1.0000000000,true,1.0000000000
RZE__to__KAT_cand_132__to__POZ_cand_372__to__BZG_cand_421,0.5700000000000001,6,11.3,0.7450000000000004,0.3,-10.160290000000003,1.0000000000,true,1.0000000000
RZE__to__KAT_cand_132__to__POZ_cand_372__to__BZG_cand_422,0.5700000000000001,6,11.3,0.7450000000000004,0.3,-8.539000000000001,1.0000000000,true,1.0000000000
RZE__to__KAT_cand_132__to__POZ_cand_372__to__BZG_cand_423,0.5700000000000001,6,11.3,0.7450000000000004,0.3,-7.359880000000004,1.0000000000,true,1.0000000000
RZE__to__KAT_cand_132__to__POZ_cand_372__to__BZG_cand_424,0.5700000000000001,6,11.3,0.7450000000000004,0.3,-4.559470000000005,1.0000000000,true,1.0000000000
RZE__to__KAT_cand_132__to__POZ_cand_372__to__BZG_cand_425,0.5700000000000001,6,11.3,0.7450000000000004,0.3,-1.7590600000000052,1.0000000000,true,1.0000000000
RZE__to__KAT_cand_132__to__POZ_cand_372__to__BZG_cand_426,0.5700000000000001,6,11.3,0.7450000000000004,0.3,1.0413499999999942,1.0000000000,true,1.0000000000
RZE__to__KAT_cand_132__to__POZ_cand_372__to__BZG_cand_427,0.5700000000000001,6,11.3,0.7450000000000004,0.3,3.8417599999999936,1.0000000000,true,1.0000000000
RZE__to__KAT_cand_132__to__POZ_cand_372__to__BZG_cand_428,0.5700000000000001,6,11.3,0.7450000000000004,0.3,6.2,1.0000000000,true,1.0000000000
RZE__to__KAT_cand_132__to__POZ_cand_372__to__BZG_cand_429,0.5700000000000001,6,11.3,0.7450000000000004,0.3,6.642169999999993,1.0000000000,true,1.0000000000
RZE__to__KAT_cand_132__to__POZ_cand_372__to__BZG_cand_430,0.5700000000000001,6,11.3,0.7450000000000004,0.3,9.442579999999992,1.0000000000,true,1.0000000000
RZE__to__KAT_cand_132__to__POZ_cand_372__to__BZG_cand_431,0.5700000000000001,6,11.3,0.7450000000000004,0.3,12.242989999999992,1.0000000000,true,1.0000000000
RZE__to__KAT_cand_132__to__POZ_cand_372__to__BZG_cand_432,0.5700000000000001,6,11.3,0.9730000000000004,0.3,-12.960700000000003,1.0000000000,true,1.0000000000
RZE__to__KAT_cand_132__to__POZ_cand_372__to__BZG_cand_433,0.5700000000000001,6,11.3,0.9730000000000004,0.3,-10.160290000000003,1.0000000000,true,1.0000000000
RZE__to__KAT_cand_132__to__POZ_cand_372__to__BZG_cand_434,0.5700000000000001,6,11.3,0.9730000000000004,0.3,-8.539000000000001,1.0000000000,true,1.0000000000
RZE__to__KAT_cand_132__to__POZ_cand_372__to__BZG_cand_435,0.5700000000000001,6,11.3,0.9730000000000004,0.3,-7.359880000000004,1.0000000000,true,1.0000000000
RZE__to__KAT_cand_132__to__POZ_cand_372__to__BZG_cand_436,0.5700000000000001,6,11.3,0.9730000000000004,0.3,-4.559470000000005,1.0000000000,true,1.0000000000
RZE__to__KAT_cand_132__to__POZ_cand_372__to__BZG_cand_437,0.5700000000000001,6,11.3,0.9730000000000004,0.3,-1.7590600000000052,1.0000000000,true,1.0000000000
RZE__to__KAT_cand_132__to__POZ_cand_372__to__BZG_cand_438,0.5700000000000001,6,11.3,0.9730000000000004,0.3,1.0413499999999942,1.0000000000,true,1.0000000000
RZE__to__KAT_cand_132__to__POZ_cand_372__to__BZG_cand_439,0.5700000000000001,6,11.3,0.9730000000000004,0.3,3.8417599999999936,1.0000000000,true,1.0000000000
RZE__to__KAT_cand_132__to__POZ_cand_372__to__BZG_cand_440,0.5700000000000001,6,11.3,0.9730000000000004,0.3,6.2,1.0000000000,true,1.0000000000
RZE__to__KAT_cand_132__to__POZ_cand_372__to__BZG_cand_441,0.5700000000000001,6,11.3,0.9730000000000004,0.3,6.642169999999993,1.0000000000,true,1.0000000000
RZE__to__KAT_cand_132__to__POZ_cand_372__to__BZG_cand_442,0.5700000000000001,6,11.3,0.9730000000000004,0.3,9.442579999999992,1.0000000000,true,1.0000000000
RZE__to__KAT_cand_132__to__POZ_cand_372__to__BZG_cand_443,0.5700000000000001,6,11.3,0.9730000000000004,0.3,12.242989999999992,1.0000000000,true,1.0000000000
RZE__to__KAT_cand_132__to__POZ_cand_372__to__BZG_cand_444,0.5700000000000001,6,11.3,1.1050000000000004,0.3,-12.960700000000003,1.0000000000,true,1.0000000000
RZE__to__KAT_cand_132__to__POZ_cand_372__to__BZG_cand_445,0.5700000000000001,6,11.3,1.1050000000000004,0.3,-10.160290000000003,1.0000000000,true,1.0000000000
RZE__to__KAT_cand_132__to__POZ_cand_372__to__BZG_cand_446,0.5700000000000001,6,11.3,1.1050000000000004,0.3,-8.539000000000001,1.0000000000,true,1.0000000000
RZE__to__KAT_cand_132__to__POZ_cand_372__to__BZG_cand_447,0.5700000000000001,6,11.3,1.1050000000000004,0.3,-7.359880000000004,1.0000000000,true,1.0000000000
RZE__to__KAT_cand_132__to__POZ_cand_372__to__BZG_cand_448,0.5700000000000001,6,11.3,1.1050000000000004,0.3,-4.559470000000005,1.0000000000,true,1.0000000000
RZE__to__KAT_cand_132__to__POZ_cand_372__to__BZG_cand_449,0.5700000000000001,6,11.3,1.1050000000000004,0.3,-1.7590600000000052,1.0000000000,true,1.0000000000
RZE__to__KAT_cand_132__to__POZ_cand_372__to__BZG_cand_450,0.5700000000000001,6,11.3,1.1050000000000004,0.3,1.0413499999999942,1.0000000000,true,1.0000000000
RZE__to__KAT_cand_132__to__POZ_cand_372__to__BZG_cand_451,0.5700000000000001,6,11.3,1.1050000000000004,0.3,3.8417599999999936,1.0000000000,true,1.0000000000
RZE__to__KAT_cand_132__to__POZ_cand_372__to__BZG_cand_452,0.5700000000000001,6,11.3,1.1050000000000004,0.3,6.2,1.0000000000,true,1.0000000000
RZE__to__KAT_cand_132__to__POZ_cand_372__to__BZG_cand_453,0.5700000000000001,6,11.3,1.1050000000000004,0.3,6.642169999999993,1.0000000000,true,1.0000000000
RZE__to__KAT_cand_132__to__POZ_cand_372__to__BZG_cand_454,0.5700000000000001,6,11.3,1.1050000000000004,0.3,9.442579999999992,1.0000000000,true,1.0000000000
RZE__to__KAT_cand_132__to__POZ_cand_372__to__BZG_cand_455,0.5700000000000001,6,11.3,1.1050000000000004,0.3,12.242989999999992,1.0000000000,true,1.0000000000
RZE__to__KAT_cand_132__to__POZ_cand_372__to__BZG_cand_456,0.5700000000000001,6,11.3,1.2,0.3,-12.960700000000003,1.0000000000,true,1.0000000000
RZE__to__KAT_cand_132__to__POZ_cand_372__to__BZG_cand_457,0.5700000000000001,6,11.3,1.2,0.3,-10.160290000000003,1.0000000000,true,1.0000000000
RZE__to__KAT_cand_132__to__POZ_cand_372__to__BZG_cand_458,0.5700000000000001,6,11.3,1.2,0.3,-8.539000000000001,1.0000000000,true,1.0000000000
RZE__to__KAT_cand_132__to__POZ_cand_372__to__BZG_cand_459,0.5700000000000001,6,11.3,1.2,0.3,-7.359880000000004,1.0000000000,true,1.0000000000
RZE__to__KAT_cand_132__to__POZ_cand_372__to__BZG_cand_460,0.5700000000000001,6,11.3,1.2,0.3,-4.559470000000005,1.0000000000,true,1.0000000000
RZE__to__KAT_cand_132__to__POZ_cand_372__to__BZG_cand_461,0.5700000000000001,6,11.3,1.2,0.3,-1.7590600000000052,1.0000000000,true,1.0000000000
RZE__to__KAT_cand_132__to__POZ_cand_372__to__BZG_cand_462,0.5700000000000001,6,11.3,1.2,0.3,1.0413499999999942,1.0000000000,true,1.0000000000
RZE__to__KAT_cand_132__to__POZ_cand_372__to__BZG_cand_463,0.5700000000000001,6,11.3,1.2,0.3,3.8417599999999936,1.0000000000,true,1.0000000000
RZE__to__KAT_cand_132__to__POZ_cand_372__to__BZG_cand_464,0.5700000000000001,6,11.3,1.2,0.3,6.2,1.0000000000,true,1.0000000000
RZE__to__KAT_cand_132__to__POZ_cand_372__to__BZG_cand_465,0.5700000000000001,6,11.3,1.2,0.3,6.642169999999993,1.0000000000,true,1.0000000000
RZE__to__KAT_cand_132__to__POZ_cand_372__to__BZG_cand_466,0.5700000000000001,6,11.3,1.2,0.3,9.442579999999992,1.0000000000,true,1.0000000000
RZE__to__KAT_cand_132__to__POZ_cand_372__to__BZG_cand_467,0.5700000000000001,6,11.3,1.2,0.3,12.242989999999992,1.0000000000,true,1.0000000000
RZE__to__KAT_cand_132__to__POZ_cand_372__to__BZG_cand_468,0.5700000000000001,6,11.3,1.2010000000000005,0.3,-12.960700000000003,1.0000000000,true,1.0000000000
RZE__to__KAT_cand_132__to__POZ_cand_372__to__BZG_cand_469,0.5700000000000001,6,11.3,1.2010000000000005,0.3,-10.160290000000003,1.0000000000,true,1.0000000000
RZE__to__KAT_cand_132__to__POZ_cand_372__to__BZG_cand_470,0.5700000000000001,6,11.3,1.2010000000000005,0.3,-8.539000000000001,1.0000000000,true,1.0000000000
RZE__to__KAT_cand_132__to__POZ_cand_372__to__BZG_cand_471,0.5700000000000001,6,11.3,1.2010000000000005,0.3,-7.359880000000004,1.0000000000,true,1.0000000000
RZE__to__KAT_cand_132__to__POZ_cand_372__to__BZG_cand_472,0.5700000000000001,6,11.3,1.2010000000000005,0.3,-4.559470000000005,1.0000000000,true,1.0000000000
RZE__to__KAT_cand_132__to__POZ_cand_372__to__BZG_cand_473,0.5700000000000001,6,11.3,1.2010000000000005,0.3,-1.7590600000000052,1.0000000000,true,1.0000000000
RZE__to__KAT_cand_132__to__POZ_cand_372__to__BZG_cand_474,0.5700000000000001,6,11.3,1.2010000000000005,0.3,1.0413499999999942,1.0000000000,true,1.0000000000
RZE__to__KAT_cand_132__to__POZ_cand_372__to__BZG_cand_475,0.5700000000000001,6,11.3,1.2010000000000005,0.3,3.8417599999999936,1.0000000000,true,1.0000000000
RZE__to__KAT_cand_132__to__POZ_cand_372__to__BZG_cand_476,0.5700000000000001,6,11.3,1.2010000000000005,0.3,6.2,1.0000000000,true,1.0000000000
RZE__to__KAT_cand_132__to__POZ_cand_372__to__BZG_cand_477,0.5700000000000001,6,11.3,1.2010000000000005,0.3,6.642169999999993,1.0000000000,true,1.0000000000
RZE__to__KAT_cand_132__to__POZ_cand_372__to__BZG_cand_478,0.5700000000000001,6,11.3,1.2010000000000005,0.3,9.442579999999992,1.0000000000,true,1.0000000000
RZE__to__KAT_cand_132__to__POZ_cand_372__to__BZG_cand_479,0.5700000000000001,6,11.3,1.2010000000000005,0.3,12.242989999999992,1.0000000000,true,1.0000000000
RZE__to__KAT_cand_132__to__POZ_cand_372__to__BZG_cand_480,0.5700000000000001,6,11.3,1.4290000000000003,0.3,-12.960700000000003,1.0000000000,true,1.0000000000
RZE__to__KAT_cand_132__to__POZ_cand_372__to__BZG_cand_481,0.5700000000000001,6,11.3,1.4290000000000003,0.3,-10.160290000000003,1.0000000000,true,1.0000000000
RZE__to__KAT_cand_132__to__POZ_cand_372__to__BZG_cand_482,0.5700000000000001,6,11.3,1.4290000000000003,0.3,-8.539000000000001,1.0000000000,true,1.0000000000
RZE__to__KAT_cand_132__to__POZ_cand_372__to__BZG_cand_483,0.5700000000000001,6,11.3,1.4290000000000003,0.3,-7.359880000000004,1.0000000000,true,1.0000000000
RZE__to__KAT_cand_132__to__POZ_cand_372__to__BZG_cand_484,0.5700000000000001,6,11.3,1.4290000000000003,0.3,-4.559470000000005,1.0000000000,true,1.0000000000
RZE__to__KAT_cand_132__to__POZ_cand_372__to__BZG_cand_485,0.5700000000000001,6,11.3,1.4290000000000003,0.3,-1.7590600000000052,1.0000000000,true,1.0000000000
RZE__to__KAT_cand_132__to__POZ_cand_372__to__BZG_cand_486,0.5700000000000001,6,11.3,1.4290000000000003,0.3,1.0413499999999942,1.0000000000,true,1.0000000000
RZE__to__KAT_cand_132__to__POZ_cand_372__to__BZG_cand_487,0.5700000000000001,6,11.3,1.4290000000000003,0.3,3.8417599999999936,1.0000000000,true,1.0000000000
RZE__to__KAT_cand_132__to__POZ_cand_372__to__BZG_cand_488,0.5700000000000001,6,11.3,1.4290000000000003,0.3,6.2,1.0000000000,true,1.0000000000
RZE__to__KAT_cand_132__to__POZ_cand_372__to__BZG_cand_489,0.5700000000000001,6,11.3,1.4290000000000003,0.3,6.642169999999993,1.0000000000,true,1.0000000000
RZE__to__KAT_cand_132__to__POZ_cand_372__to__BZG_cand_490,0.5700000000000001,6,11.3,1.4290000000000003,0.3,9.442579999999992,1.0000000000,true,1.0000000000
RZE__to__KAT_cand_132__to__POZ_cand_372__to__BZG_cand_491,0.5700000000000001,6,11.3,1.4290000000000003,0.3,12.242989999999992,1.0000000000,true,1.0000000000
RZE__to__KAT_cand_132__to__POZ_cand_372__to__BZG_cand_492,0.5700000000000001,6,11.3,1.6570000000000005,0.3,-12.960700000000003,1.0000000000,true,1.0000000000
RZE__to__KAT_cand_132__to__POZ_cand_372__to__BZG_cand_493,0.5700000000000001,6,11.3,1.6570000000000005,0.3,-10.160290000000003,1.0000000000,true,1.0000000000
RZE__to__KAT_cand_132__to__POZ_cand_372__to__BZG_cand_494,0.5700000000000001,6,11.3,1.6570000000000005,0.3,-8.539000000000001,1.0000000000,true,1.0000000000
RZE__to__KAT_cand_132__to__POZ_cand_372__to__BZG_cand_495,0.5700000000000001,6,11.3,1.6570000000000005,0.3,-7.359880000000004,1.0000000000,true,1.0000000000
RZE__to__KAT_cand_132__to__POZ_cand_372__to__BZG_cand_496,0.5700000000000001,6,11.3,1.6570000000000005,0.3,-4.559470000000005,1.0000000000,true,1.0000000000
RZE__to__KAT_cand_132__to__POZ_cand_372__to__BZG_cand_497,0.5700000000000001,6,11.3,1.6570000000000005,0.3,-1.7590600000000052,1.0000000000,true,1.0000000000
RZE__to__KAT_cand_132__to__POZ_cand_372__to__BZG_cand_498,0.5700000000000001,6,11.3,1.6570000000000005,0.3,1.0413499999999942,1.0000000000,true,1.0000000000
RZE__to__KAT_cand_132__to__POZ_cand_372__to__BZG_cand_499,0.5700000000000001,6,11.3,1.6570000000000005,0.3,3.8417599999999936,1.0000000000,true,1.0000000000
RZE__to__KAT_cand_132__to__POZ_cand_372__to__BZG_cand_500,0.5700000000000001,6,11.3,1.6570000000000005,0.3,6.2,1.0000000000,true,1.0000000000
RZE__to__KAT_cand_132__to__POZ_cand_372__to__BZG_cand_501,0.5700000000000001,6,11.3,1.6570000000000005,0.3,6.642169999999993,1.0000000000,true,1.0000000000
RZE__to__KAT_cand_132__to__POZ_cand_372__to__BZG_cand_502,0.5700000000000001,6,11.3,1.6570000000000005,0.3,9.442579999999992,1.0000000000,true,1.0000000000
RZE__to__KAT_cand_132__to__POZ_cand_372__to__BZG_cand_503,0.5700000000000001,6,11.3,1.6570000000000005,0.3,12.242989999999992,1.0000000000,true,1.0000000000
RZE__to__KAT_cand_132__to__POZ_cand_372__to__BZG_cand_504,0.76,6,11.3,0.7450000000000004,0.3,-12.960700000000003,1.0000000000,true,1.0000000000
RZE__to__KAT_cand_132__to__POZ_cand_372__to__BZG_cand_505,0.76,6,11.3,0.7450000000000004,0.3,-10.160290000000003,1.0000000000,true,1.0000000000
RZE__to__KAT_cand_132__to__POZ_cand_372__to__BZG_cand_506,0.76,6,11.3,0.7450000000000004,0.3,-8.539000000000001,1.0000000000,true,1.0000000000
RZE__to__KAT_cand_132__to__POZ_cand_372__to__BZG_cand_507,0.76,6,11.3,0.7450000000000004,0.3,-7.359880000000004,1.0000000000,true,1.0000000000
RZE__to__KAT_cand_132__to__POZ_cand_372__to__BZG_cand_508,0.76,6,11.3,0.7450000000000004,0.3,-4.559470000000005,1.0000000000,true,1.0000000000
RZE__to__KAT_cand_132__to__POZ_cand_372__to__BZG_cand_509,0.76,6,11.3,0.7450000000000004,0.3,-1.7590600000000052,1.0000000000,true,1.0000000000
RZE__to__KAT_cand_132__to__POZ_cand_372__to__BZG_cand_510,0.76,6,11.3,0.7450000000000004,0.3,1.0413499999999942,1.0000000000,true,1.0000000000
RZE__to__KAT_cand_132__to__POZ_cand_372__to__BZG_cand_511,0.76,6,11.3,0.7450000000000004,0.3,3.8417599999999936,1.0000000000,true,1.0000000000
RZE__to__KAT_cand_132__to__POZ_cand_372__to__BZG_cand_512,0.76,6,11.3,0.7450000000000004,0.3,6.2,1.0000000000,true,1.0000000000
RZE__to__KAT_cand_132__to__POZ_cand_372__to__BZG_cand_513,0.76,6,11.3,0.7450000000000004,0.3,6.642169999999993,1.0000000000,true,1.0000000000
RZE__to__KAT_cand_132__to__POZ_cand_372__to__BZG_cand_514,0.76,6,11.3,0.7450000000000004,0.3,9.442579999999992,1.0000000000,true,1.0000000000
RZE__to__KAT_cand_132__to__POZ_cand_372__to__BZG_cand_515,0.76,6,11.3,0.7450000000000004,0.3,12.242989999999992,1.0000000000,true,1.0000000000
RZE__to__KAT_cand_132__to__POZ_cand_372__to__BZG_cand_516,0.76,6,11.3,0.9730000000000004,0.3,-12.960700000000003,1.0000000000,true,1.0000000000
RZE__to__KAT_cand_132__to__POZ_cand_372__to__BZG_cand_517,0.76,6,11.3,0.9730000000000004,0.3,-10.160290000000003,1.0000000000,true,1.0000000000
RZE__to__KAT_cand_132__to__POZ_cand_372__to__BZG_cand_518,0.76,6,11.3,0.9730000000000004,0.3,-8.539000000000001,1.0000000000,true,1.0000000000
RZE__to__KAT_cand_132__to__POZ_cand_372__to__BZG_cand_519,0.76,6,11.3,0.9730000000000004,0.3,-7.359880000000004,1.0000000000,true,1.0000000000
RZE__to__KAT_cand_132__to__POZ_cand_372__to__BZG_cand_520,0.76,6,11.3,0.9730000000000004,0.3,-4.559470000000005,1.0000000000,true,1.0000000000
RZE__to__KAT_cand_132__to__POZ_cand_372__to__BZG_cand_521,0.76,6,11.3,0.9730000000000004,0.3,-1.7590600000000052,1.0000000000,true,1.0000000000
RZE__to__KAT_cand_132__to__POZ_cand_372__to__BZG_cand_522,0.76,6,11.3,0.9730000000000004,0.3,1.0413499999999942,1.0000000000,true,1.0000000000
RZE__to__KAT_cand_132__to__POZ_cand_372__to__BZG_cand_523,0.76,6,11.3,0.9730000000000004,0.3,3.8417599999999936,1.0000000000,true,1.0000000000
RZE__to__KAT_cand_132__to__POZ_cand_372__to__BZG_cand_524,0.76,6,11.3,0.9730000000000004,0.3,6.2,1.0000000000,true,1.0000000000
RZE__to__KAT_cand_132__to__POZ_cand_372__to__BZG_cand_525,0.76,6,11.3,0.9730000000000004,0.3,6.642169999999993,1.0000000000,true,1.0000000000
RZE__to__KAT_cand_132__to__POZ_cand_372__to__BZG_cand_526,0.76,6,11.3,0.9730000000000004,0.3,9.442579999999992,1.0000000000,true,1.0000000000
RZE__to__KAT_cand_132__to__POZ_cand_372__to__BZG_cand_527,0.76,6,11.3,0.9730000000000004,0.3,12.242989999999992,1.0000000000,true,1.0000000000
RZE__to__KAT_cand_132__to__POZ_cand_372__to__BZG_cand_528,0.76,6,11.3,1.1050000000000004,0.3,-12.960700000000003,1.0000000000,true,1.0000000000
RZE__to__KAT_cand_132__to__POZ_cand_372__to__BZG_cand_529,0.76,6,11.3,1.1050000000000004,0.3,-10.160290000000003,1.0000000000,true,1.0000000000
RZE__to__KAT_cand_132__to__POZ_cand_372__to__BZG_cand_530,0.76,6,11.3,1.1050000000000004,0.3,-8.539000000000001,1.0000000000,true,1.0000000000
RZE__to__KAT_cand_132__to__POZ_cand_372__to__BZG_cand_531,0.76,6,11.3,1.1050000000000004,0.3,-7.359880000000004,1.0000000000,true,1.0000000000
RZE__to__KAT_cand_132__to__POZ_cand_372__to__BZG_cand_532,0.76,6,11.3,1.1050000000000004,0.3,-4.559470000000005,1.0000000000,true,1.0000000000
RZE__to__KAT_cand_132__to__POZ_cand_372__to__BZG_cand_533,0.76,6,11.3,1.1050000000000004,0.3,-1.7590600000000052,1.0000000000,true,1.0000000000
RZE__to__KAT_cand_132__to__POZ_cand_372__to__BZG_cand_534,0.76,6,11.3,1.1050000000000004,0.3,1.0413499999999942,1.0000000000,true,1.0000000000
RZE__to__KAT_cand_132__to__POZ_cand_372__to__BZG_cand_535,0.76,6,11.3,1.1050000000000004,0.3,3.8417599999999936,1.0000000000,true,1.0000000000
RZE__to__KAT_cand_132__to__POZ_cand_372__to__BZG_cand_536,0.76,6,11.3,1.1050000000000004,0.3,6.2,1.0000000000,true,1.0000000000
RZE__to__KAT_cand_132__to__POZ_cand_372__to__BZG_cand_537,0.76,6,11.3,1.1050000000000004,0.3,6.642169999999993,1.0000000000,true,1.0000000000
RZE__to__KAT_cand_132__to__POZ_cand_372__to__BZG_cand_538,0.76,6,11.3,1.1050000000000004,0.3,9.442579999999992,1.0000000000,true,1.0000000000
RZE__to__KAT_cand_132__to__POZ_cand_372__to__BZG_cand_539,0.76,6,11.3,1.1050000000000004,0.3,12.242989999999992,1.0000000000,true,1.0000000000
RZE__to__KAT_cand_132__to__POZ_cand_372__to__BZG_cand_540,0.76,6,11.3,1.2,0.3,-12.960700000000003,1.0000000000,true,1.0000000000
RZE__to__KAT_cand_132__to__POZ_cand_372__to__BZG_cand_541,0.76,6,11.3,1.2,0.3,-10.160290000000003,1.0000000000,true,1.0000000000
RZE__to__KAT_cand_132__to__POZ_cand_372__to__BZG_cand_542,0.76,6,11.3,1.2,0.3,-8.539000000000001,1.0000000000,true,1.0000000000
RZE__to__KAT_cand_132__to__POZ_cand_372__to__BZG_cand_543,0.76,6,11.3,1.2,0.3,-7.359880000000004,1.0000000000,true,1.0000000000
RZE__to__KAT_cand_132__to__POZ_cand_372__to__BZG_cand_544,0.76,6,11.3,1.2,0.3,-4.559470000000005,1.0000000000,true,1.0000000000
RZE__to__KAT_cand_132__to__POZ_cand_372__to__BZG_cand_545,0.76,6,11.3,1.2,0.3,-1.7590600000000052,1.0000000000,true,1.0000000000
RZE__to__KAT_cand_132__to__POZ_cand_372__to__BZG_cand_546,0.76,6,11.3,1.2,0.3,1.0413499999999942,1.0000000000,true,1.0000000000
RZE__to__KAT_cand_132__to__POZ_cand_372__to__BZG_cand_547,0.76,6,11.3,1.2,0.3,3.8417599999999936,1.0000000000,true,1.0000000000
RZE__to__KAT_cand_132__to__POZ_cand_372__to__BZG_cand_548,0.76,6,11.3,1.2,0.3,6.2,1.0000000000,true,1.0000000000
RZE__to__KAT_cand_132__to__POZ_cand_372__to__BZG_cand_549,0.76,6,11.3,1.2,0.3,6.642169999999993,1.0000000000,true,1.0000000000
RZE__to__KAT_cand_132__to__POZ_cand_372__to__BZG_cand_550,0.76,6,11.3,1.2,0.3,9.442579999999992,1.0000000000,true,1.0000000000
RZE__to__KAT_cand_132__to__POZ_cand_372__to__BZG_cand_551,0.76,6,11.3,1.2,0.3,12.242989999999992,1.0000000000,true,1.0000000000
RZE__to__KAT_cand_132__to__POZ_cand_372__to__BZG_cand_552,0.76,6,11.3,1.2010000000000005,0.3,-12.960700000000003,1.0000000000,true,1.0000000000
RZE__to__KAT_cand_132__to__POZ_cand_372__to__BZG_cand_553,0.76,6,11.3,1.2010000000000005,0.3,-10.160290000000003,1.0000000000,true,1.0000000000
RZE__to__KAT_cand_132__to__POZ_cand_372__to__BZG_cand_554,0.76,6,11.3,1.2010000000000005,0.3,-8.539000000000001,1.0000000000,true,1.0000000000
RZE__to__KAT_cand_132__to__POZ_cand_372__to__BZG_cand_555,0.76,6,11.3,1.2010000000000005,0.3,-7.359880000000004,1.0000000000,true,1.0000000000
RZE__to__KAT_cand_132__to__POZ_cand_372__to__BZG_cand_556,0.76,6,11.3,1.2010000000000005,0.3,-4.559470000000005,1.0000000000,true,1.0000000000
RZE__to__KAT_cand_132__to__POZ_cand_372__to__BZG_cand_557,0.76,6,11.3,1.2010000000000005,0.3,-1.7590600000000052,1.0000000000,true,1.0000000000
RZE__to__KAT_cand_132__to__POZ_cand_372__to__BZG_cand_558,0.76,6,11.3,1.2010000000000005,0.3,1.0413499999999942,1.0000000000,true,1.0000000000
RZE__to__KAT_cand_132__to__POZ_cand_372__to__BZG_cand_559,0.76,6,11.3,1.2010000000000005,0.3,3.8417599999999936,1.0000000000,true,1.0000000000
RZE__to__KAT_cand_132__to__POZ_cand_372__to__BZG_cand_560,0.76,6,11.3,1.2010000000000005,0.3,6.2,1.0000000000,true,1.0000000000
RZE__to__KAT_cand_132__to__POZ_cand_372__to__BZG_cand_561,0.76,6,11.3,1.2010000000000005,0.3,6.642169999999993,1.0000000000,true,1.0000000000
RZE__to__KAT_cand_132__to__POZ_cand_372__to__BZG_cand_562,0.76,6,11.3,1.2010000000000005,0.3,9.442579999999992,1.0000000000,true,1.0000000000
RZE__to__KAT_cand_132__to__POZ_cand_372__to__BZG_cand_563,0.76,6,11.3,1.2010000000000005,0.3,12.242989999999992,1.0000000000,true,1.0000000000
RZE__to__KAT_cand_132__to__POZ_cand_372__to__BZG_cand_564,0.76,6,11.3,1.4290000000000003,0.3,-12.960700000000003,1.0000000000,true,1.0000000000
RZE__to__KAT_cand_132__to__POZ_cand_372__to__BZG_cand_565,0.76,6,11.3,1.4290000000000003,0.3,-10.160290000000003,1.0000000000,true,1.0000000000
RZE__to__KAT_cand_132__to__POZ_cand_372__to__BZG_cand_566,0.76,6,11.3,1.4290000000000003,0.3,-8.539000000000001,1.0000000000,true,1.0000000000
RZE__to__KAT_cand_132__to__POZ_cand_372__to__BZG_cand_567,0.76,6,11.3,1.4290000000000003,0.3,-7.359880000000004,1.0000000000,true,1.0000000000
RZE__to__KAT_cand_132__to__POZ_cand_372__to__BZG_cand_568,0.76,6,11.3,1.4290000000000003,0.3,-4.559470000000005,1.0000000000,true,1.0000000000
RZE__to__KAT_cand_132__to__POZ_cand_372__to__BZG_cand_569,0.76,6,11.3,1.4290000000000003,0.3,-1.7590600000000052,1.0000000000,true,1.0000000000
RZE__to__KAT_cand_132__to__POZ_cand_372__to__BZG_cand_570,0.76,6,11.3,1.4290000000000003,0.3,1.0413499999999942,1.0000000000,true,1.0000000000
RZE__to__KAT_cand_132__to__POZ_cand_372__to__BZG_cand_571,0.76,6,11.3,1.4290000000000003,0.3,3.8417599999999936,1.0000000000,true,1.0000000000
RZE__to__KAT_cand_132__to__POZ_cand_372__to__BZG_cand_572,0.76,6,11.3,1.4290000000000003,0.3,6.2,1.0000000000,true,1.0000000000
RZE__to__KAT_cand_132__to__POZ_cand_372__to__BZG_cand_573,0.76,6,11.3,1.4290000000000003,0.3,6.642169999999993,1.0000000000,true,1.0000000000
RZE__to__KAT_cand_132__to__POZ_cand_372__to__BZG_cand_574,0.76,6,11.3,1.4290000000000003,0.3,9.442579999999992,1.0000000000,true,1.0000000000
RZE__to__KAT_cand_132__to__POZ_cand_372__to__BZG_cand_575,0.76,6,11.3,1.4290000000000003,0.3,12.242989999999992,1.0000000000,true,1.0000000000
RZE__to__KAT_cand_132__to__POZ_cand_372__to__BZG_cand_576,0.76,6,11.3,1.6570000000000005,0.3,-12.960700000000003,1.0000000000,true,1.0000000000
RZE__to__KAT_cand_132__to__POZ_cand_372__to__BZG_cand_577,0.76,6,11.3,1.6570000000000005,0.3,-10.160290000000003,1.0000000000,true,1.0000000000
RZE__to__KAT_cand_132__to__POZ_cand_372__to__BZG_cand_578,0.76,6,11.3,1.6570000000000005,0.3,-8.539000000000001,1.0000000000,true,1.0000000000
RZE__to__KAT_cand_132__to__POZ_cand_372__to__BZG_cand_579,0.76,6,11.3,1.6570000000000005,0.3,-7.359880000000004,1.0000000000,true,1.0000000000
RZE__to__KAT_cand_132__to__POZ_cand_372__to__BZG_cand_580,0.76,6,11.3,1.6570000000000005,0.3,-4.559470000000005,1.0000000000,true,1.0000000000
RZE__to__KAT_cand_132__to__POZ_cand_372__to__BZG_cand_581,0.76,6,11.3,1.6570000000000005,0.3,-1.7590600000000052,1.0000000000,true,1.0000000000
RZE__to__KAT_cand_132__to__POZ_cand_372__to__BZG_cand_582,0.76,6,11.3,1.6570000000000005,0.3,1.0413499999999942,1.0000000000,true,1.0000000000
RZE__to__KAT_cand_132__to__POZ_cand_372__to__BZG_cand_583,0.76,6,11.3,1.6570000000000005,0.3,3.8417599999999936,1.0000000000,true,1.0000000000
RZE__to__KAT_cand_132__to__POZ_cand_372__to__BZG_cand_584,0.76,6,11.3,1.6570000000000005,0.3,6.2,1.0000000000,true,1.0000000000
RZE__to__KAT_cand_132__to__POZ_cand_372__to__BZG_cand_585,0.76,6,11.3,1.6570000000000005,0.3,6.642169999999993,1.0000000000,true,1.0000000000
RZE__to__KAT_cand_132__to__POZ_cand_372__to__BZG_cand_586,0.76,6,11.3,1.6570000000000005,0.3,9.442579999999992,1.0000000000,true,1.0000000000
RZE__to__KAT_cand_132__to__POZ_cand_372__to__BZG_cand_587,0.76,6,11.3,1.6570000000000005,0.3,12.242989999999992,1.0000000000,true,1.0000000000
