name,i1,i2,i3,i4,o1,o2
RZE_cand_111_cand_0,0.08000000000000002,6,11.3,1.7479999999999998,0.3,3.084
RZE_cand_111_cand_1,0.08000000000000002,6,11.3,1.7479999999999998,0.3,3.2767500000000003
RZE_cand_111_cand_2,0.08000000000000002,6,11.3,1.7479999999999998,0.3,3.4695000000000005
RZE_cand_111_cand_3,0.08000000000000002,6,11.3,1.7479999999999998,0.3,3.6622500000000007
RZE_cand_111_cand_4,0.08000000000000002,6,11.3,1.7479999999999998,0.3,3.855000000000001
RZE_cand_111_cand_5,0.08000000000000002,6,11.3,1.7479999999999998,0.3,4.047750000000001
RZE_cand_111_cand_6,0.08000000000000002,6,11.3,1.8979999999999997,0.3,3.084
RZE_cand_111_cand_7,0.08000000000000002,6,11.3,1.8979999999999997,0.3,3.2767500000000003
RZE_cand_111_cand_8,0.08000000000000002,6,11.3,1.8979999999999997,0.3,3.4695000000000005
RZE_cand_111_cand_9,0.08000000000000002,6,11.3,1.8979999999999997,0.3,3.6622500000000007
RZE_cand_111_cand_10,0.08000000000000002,6,11.3,1.8979999999999997,0.3,3.855000000000001
RZE_cand_111_cand_11,0.08000000000000002,6,11.3,1.8979999999999997,0.3,4.047750000000001
RZE_cand_111_cand_12,0.08000000000000002,6,11.3,2.0479999999999996,0.3,3.084
RZE_cand_111_cand_13,0.08000000000000002,6,11.3,2.0479999999999996,0.3,3.2767500000000003
RZE_cand_111_cand_14,0.08000000000000002,6,11.3,2.0479999999999996,0.3,3.4695000000000005
RZE_cand_111_cand_15,0.08000000000000002,6,11.3,2.0479999999999996,0.3,3.6622500000000007
RZE_cand_111_cand_16,0.08000000000000002,6,11.3,2.0479999999999996,0.3,3.855000000000001
RZE_cand_111_cand_17,0.08000000000000002,6,11.3,2.0479999999999996,0.3,4.047750000000001
RZE_cand_111_cand_18,0.08000000000000002,6,11.3,2.1979999999999995,0.3,3.084
RZE_cand_111_cand_19,0.08000000000000002,6,11.3,2.1979999999999995,0.3,3.2767500000000003
RZE_cand_111_cand_20,0.08000000000000002,6,11.3,2.1979999999999995,0.3,3.4695000000000005
RZE_cand_111_cand_21,0.08000000000000002,6,11.3,2.1979999999999995,0.3,3.6622500000000007
RZE_cand_111_cand_22,0.08000000000000002,6,11.3,2.1979999999999995,0.3,3.855000000000001
RZE_cand_111_cand_23,0.08000000000000002,6,11.3,2.1979999999999995,0.3,4.047750000000001
RZE_cand_111_cand_24,0.13,6,11.3,1.7479999999999998,0.3,3.084
RZE_cand_111_cand_25,0.13,6,11.3,1.7479999999999998,0.3,3.2767500000000003
RZE_cand_111_cand_26,0.13,6,11.3,1.7479999999999998,0.3,3.4695000000000005
RZE_cand_111_cand_27,0.13,6,11.3,1.7479999999999998,0.3,3.6622500000000007
RZE_cand_111_cand_28,0.13,6,11.3,1.7479999999999998,0.3,3.855000000000001
RZE_cand_111_cand_29,0.13,6,11.3,1.7479999999999998,0.3,4.047750000000001
RZE_cand_111_cand_30,0.13,6,11.3,1.8979999999999997,0.3,3.084
RZE_cand_111_cand_31,0.13,6,11.3,1.8979999999999997,0.3,3.2767500000000003
RZE_cand_111_cand_32,0.13,6,11.3,1.8979999999999997,0.3,3.4695000000000005
RZE_cand_111_cand_33,0.13,6,11.3,1.8979999999999997,0.3,3.6622500000000007
RZE_cand_111_cand_34,0.13,6,11.3,1.8979999999999997,0.3,3.855000000000001
RZE_cand_111_cand_35,0.13,6,11.3,1.8979999999999997,0.3,4.047750000000001
RZE_cand_111_cand_36,0.13,6,11.3,2.0479999999999996,0.3,3.084
RZE_cand_111_cand_37,0.13,6,11.3,2.0479999999999996,0.3,3.2767500000000003
RZE_cand_111_cand_38,0.13,6,11.3,2.0479999999999996,0.3,3.4695000000000005
RZE_cand_111_cand_39,0.13,6,11.3,2.0479999999999996,0.3,3.6622500000000007
RZE_cand_111_cand_40,0.13,6,11.3,2.0479999999999996,0.3,3.855000000000001
RZE_cand_111_cand_41,0.13,6,11.3,2.0479999999999996,0.3,4.047750000000001
RZE_cand_111_cand_42,0.13,6,11.3,2.1979999999999995,0.3,3.084
RZE_cand_111_cand_43,0.13,6,11.3,2.1979999999999995,0.3,3.2767500000000003
RZE_cand_111_cand_44,0.13,6,11.3,2.1979999999999995,0.3,3.4695000000000005
RZE_cand_111_cand_45,0.13,6,11.3,2.1979999999999995,0.3,3.6622500000000007
RZE_cand_111_cand_46,0.13,6,11.3,2.1979999999999995,0.3,3.855000000000001
RZE_cand_111_cand_47,0.13,6,11.3,2.1979999999999995,0.3,4.047750000000001
RZE_cand_111_cand_48,0.18,6,11.3,1.7479999999999998,0.3,3.084
RZE_cand_111_cand_49,0.18,6,11.3,1.7479999999999998,0.3,3.2767500000000003
RZE_cand_111_cand_50,0.18,6,11.3,1.7479999999999998,0.3,3.4695000000000005
RZE_cand_111_cand_51,0.18,6,11.3,1.7479999999999998,0.3,3.6622500000000007
RZE_cand_111_cand_52,0.18,6,11.3,1.7479999999999998,0.3,3.855000000000001
RZE_cand_111_cand_53,0.18,6,11.3,1.7479999999999998,0.3,4.047750000000001
RZE_cand_111_cand_54,0.18,6,11.3,1.8979999999999997,0.3,3.084
RZE_cand_111_cand_55,0.18,6,11.3,1.8979999999999997,0.3,3.2767500000000003
RZE_cand_111_cand_56,0.18,6,11.3,1.8979999999999997,0.3,3.4695000000000005
RZE_cand_111_cand_57,0.18,6,11.3,1.8979999999999997,0.3,3.6622500000000007
RZE_cand_111_cand_58,0.18,6,11.3,1.8979999999999997,0.3,3.855000000000001
RZE_cand_111_cand_59,0.18,6,11.3,1.8979999999999997,0.3,4.047750000000001
RZE_cand_111_cand_60,0.18,6,11.3,2.0479999999999996,0.3,3.084
RZE_cand_111_cand_61,0.18,6,11.3,2.0479999999999996,0.3,3.2767500000000003
RZE_cand_111_cand_62,0.18,6,11.3,2.0479999999999996,0.3,3.4695000000000005
RZE_cand_111_cand_63,0.18,6,11.3,2.0479999999999996,0.3,3.6622500000000007
RZE_cand_111_cand_64,0.18,6,11.3,2.0479999999999996,0.3,3.855000000000001
RZE_cand_111_cand_65,0.18,6,11.3,2.0479999999999996,0.3,4.047750000000001
RZE_cand_111_cand_66,0.18,6,11.3,2.1979999999999995,0.3,3.084
RZE_cand_111_cand_67,0.18,6,11.3,2.1979999999999995,0.3,3.2767500000000003
RZE_cand_111_cand_68,0.18,6,11.3,2.1979999999999995,0.3,3.4695000000000005
RZE_cand_111_cand_69,0.18,6,11.3,2.1979999999999995,0.3,3.6622500000000007
RZE_cand_111_cand_70,0.18,6,11.3,2.1979999999999995,0.3,3.855000000000001
RZE_cand_111_cand_71,0.18,6,11.3,2.1979999999999995,0.3,4.047750000000001
RZE_cand_111_cand_72,0.22999999999999998,6,11.3,1.7479999999999998,0.3,3.084
RZE_cand_111_cand_73,0.22999999999999998,6,11.3,1.7479999999999998,0.3,3.2767500000000003
RZE_cand_111_cand_74,0.22999999999999998,6,11.3,1.7479999999999998,0.3,3.4695000000000005
RZE_cand_111_cand_75,0.22999999999999998,6,11.3,1.7479999999999998,0.3,3.6622500000000007
RZE_cand_111_cand_76,0.22999999999999998,6,11.3,1.7479999999999998,0.3,3.855000000000001
RZE_cand_111_cand_77,0.22999999999999998,6,11.3,1.7479999999999998,0.3,4.047750000000001
RZE_cand_111_cand_78,0.22999999999999998,6,11.3,1.8979999999999997,0.3,3.084
RZE_cand_111_cand_79,0.22999999999999998,6,11.3,1.8979999999999997,0.3,3.2767500000000003
RZE_cand_111_cand_80,0.22999999999999998,6,11.3,1.8979999999999997,0.3,3.4695000000000005
RZE_cand_111_cand_81,0.22999999999999998,6,11.3,1.8979999999999997,0.3,3.6622500000000007
RZE_cand_111_cand_82,0.22999999999999998,6,11.3,1.8979999999999997,0.3,3.855000000000001
RZE_cand_111_cand_83,0.22999999999999998,6,11.3,1.8979999999999997,0.3,4.047750000000001
RZE_cand_111_cand_84,0.22999999999999998,6,11.3,2.0479999999999996,0.3,3.084
RZE_cand_111_cand_85,0.22999999999999998,6,11.3,2.0479999999999996,0.3,3.2767500000000003
RZE_cand_111_cand_86,0.22999999999999998,6,11.3,2.0479999999999996,0.3,3.4695000000000005
RZE_cand_111_cand_87,0.22999999999999998,6,11.3,2.0479999999999996,0.3,3.6622500000000007
RZE_cand_111_cand_88,0.22999999999999998,6,11.3,2.0479999999999996,0.3,3.855000000000001
RZE_cand_111_cand_89,0.22999999999999998,6,11.3,2.0479999999999996,0.3,4.047750000000001
RZE_cand_111_cand_90,0.22999999999999998,6,11.3,2.1979999999999995,0.3,3.084
RZE_cand_111_cand_91,0.22999999999999998,6,11.3,2.1979999999999995,0.3,3.2767500000000003
RZE_cand_111_cand_92,0.22999999999999998,6,11.3,2.1979999999999995,0.3,3.4695000000000005
RZE_cand_111_cand_93,0.22999999999999998,6,11.3,2.1979999999999995,0.3,3.6622500000000007
RZE_cand_111_cand_94,0.22999999999999998,6,11.3,2.1979999999999995,0.3,3.855000000000001
RZE_cand_111_cand_95,0.22999999999999998,6,11.3,2.1979999999999995,0.3,4.047750000000001
RZE_cand_111_cand_96,0.27999999999999997,6,11.3,1.7479999999999998,0.3,3.084
RZE_cand_111_cand_97,0.27999999999999997,6,11.3,1.7479999999999998,0.3,3.2767500000000003
RZE_cand_111_cand_98,0.27999999999999997,6,11.3,1.7479999999999998,0.3,3.4695000000000005
RZE_cand_111_cand_99,0.27999999999999997,6,11.3,1.7479999999999998,0.3,3.6622500000000007
RZE_cand_111_cand_100,0.27999999999999997,6,11.3,1.7479999999999998,0.3,3.855000000000001
RZE_cand_111_cand_101,0.27999999999999997,6,11.3,1.7479999999999998,0.3,4.047750000000001
RZE_cand_111_cand_102,0.27999999999999997,6,11.3,1.8979999999999997,0.3,3.084
RZE_cand_111_cand_103,0.27999999999999997,6,11.3,1.8979999999999997,0.3,3.2767500000000003
RZE_cand_111_cand_104,0.27999999999999997,6,11.3,1.8979999999999997,0.3,3.4695000000000005
RZE_cand_111_cand_105,0.27999999999999997,6,11.3,1.8979999999999997,0.3,3.6622500000000007
RZE_cand_111_cand_106,0.27999999999999997,6,11.3,1.8979999999999997,0.3,3.855000000000001
RZE_cand_111_cand_107,0.27999999999999997,6,11.3,1.8979999999999997,0.3,4.047750000000001
RZE_cand_111_cand_108,0.27999999999999997,6,11.3,2.0479999999999996,0.3,3.084
RZE_cand_111_cand_109,0.27999999999999997,6,11.3,2.0479999999999996,0.3,3.2767500000000003
RZE_cand_111_cand_110,0.27999999999999997,6,11.3,2.0479999999999996,0.3,3.4695000000000005
RZE_cand_111_cand_111,0.27999999999999997,6,11.3,2.0479999999999996,0.3,3.6622500000000007
RZE_cand_111_cand_112,0.27999999999999997,6,11.3,2.0479999999999996,0.3,3.855000000000001
RZE_cand_111_cand_113,0.27999999999999997,6,11.3,2.0479999999999996,0.3,4.047750000000001
RZE_cand_111_cand_114,0.27999999999999997,6,11.3,2.1979999999999995,0.3,3.084
RZE_cand_111_cand_115,0.27999999999999997,6,11.3,2.1979999999999995,0.3,3.2767500000000003
RZE_cand_111_cand_116,0.27999999999999997,6,11.3,2.1979999999999995,0.3,3.4695000000000005
RZE_cand_111_cand_117,0.27999999999999997,6,11.3,2.1979999999999995,0.3,3.6622500000000007
RZE_cand_111_cand_118,0.27999999999999997,6,11.3,2.1979999999999995,0.3,3.855000000000001
RZE_cand_111_cand_119,0.27999999999999997,6,11.3,2.1979999999999995,0.3,4.047750000000001
RZE_cand_111_cand_120,0.32999999999999996,6,11.3,1.7479999999999998,0.3,3.084
RZE_cand_111_cand_121,0.32999999999999996,6,11.3,1.7479999999999998,0.3,3.2767500000000003
RZE_cand_111_cand_122,0.32999999999999996,6,11.3,1.7479999999999998,0.3,3.4695000000000005
RZE_cand_111_cand_123,0.32999999999999996,6,11.3,1.7479999999999998,0.3,3.6622500000000007
RZE_cand_111_cand_124,0.32999999999999996,6,11.3,1.7479999999999998,0.3,3.855000000000001
RZE_cand_111_cand_125,0.32999999999999996,6,11.3,1.7479999999999998,0.3,4.047750000000001
RZE_cand_111_cand_126,0.32999999999999996,6,11.3,1.8979999999999997,0.3,3.084
RZE_cand_111_cand_127,0.32999999999999996,6,11.3,1.8979999999999997,0.3,3.2767500000000003
RZE_cand_111_cand_128,0.32999999999999996,6,11.3,1.8979999999999997,0.3,3.4695000000000005
RZE_cand_111_cand_129,0.32999999999999996,6,11.3,1.8979999999999997,0.3,3.6622500000000007
RZE_cand_111_cand_130,0.32999999999999996,6,11.3,1.8979999999999997,0.3,3.855000000000001
RZE_cand_111_cand_131,0.32999999999999996,6,11.3,1.8979999999999997,0.3,4.047750000000001
RZE_cand_111_cand_132,0.32999999999999996,6,11.3,2.0479999999999996,0.3,3.084
RZE_cand_111_cand_133,0.32999999999999996,6,11.3,2.0479999999999996,0.3,3.2767500000000003
RZE_cand_111_cand_134,0.32999999999999996,6,11.3,2.0479999999999996,0.3,3.4695000000000005
RZE_cand_111_cand_135,0.32999999999999996,6,11.3,2.0479999999999996,0.3,3.6622500000000007
RZE_cand_111_cand_136,0.32999999999999996,6,11.3,2.0479999999999996,0.3,3.855000000000001
RZE_cand_111_cand_137,0.32999999999999996,6,11.3,2.0479999999999996,0.3,4.047750000000001
RZE_cand_111_cand_138,0.32999999999999996,6,11.3,2.1979999999999995,0.3,3.084
RZE_cand_111_cand_139,0.32999999999999996,6,11.3,2.1979999999999995,0.3,3.2767500000000003
RZE_cand_111_cand_140,0.32999999999999996,6,11.3,2.1979999999999995,0.3,3.4695000000000005
RZE_cand_111_cand_141,0.32999999999999996,6,11.3,2.1979999999999995,0.3,3.6622500000000007
RZE_cand_111_cand_142,0.32999999999999996,6,11.3,2.1979999999999995,0.3,3.855000000000001
RZE_cand_111_cand_143,0.32999999999999996,6,11.3,2.1979999999999995,0.3,4.047750000000001
RZE_cand_111_cand_144,0.37999999999999995,6,11.3,1.7479999999999998,0.3,3.084
RZE_cand_111_cand_145,0.37999999999999995,6,11.3,1.7479999999999998,0.3,3.2767500000000003
RZE_cand_111_cand_146,0.37999999999999995,6,11.3,1.7479999999999998,0.3,3.4695000000000005
RZE_cand_111_cand_147,0.37999999999999995,6,11.3,1.7479999999999998,0.3,3.6622500000000007
RZE_cand_111_cand_148,0.37999999999999995,6,11.3,1.7479999999999998,0.3,3.855000000000001
RZE_cand_111_cand_149,0.37999999999999995,6,11.3,1.7479999999999998,0.3,4.047750000000001
RZE_cand_111_cand_150,0.37999999999999995,6,11.3,1.8979999999999997,0.3,3.084
RZE_cand_111_cand_151,0.37999999999999995,6,11.3,1.8979999999999997,0.3,3.2767500000000003
RZE_cand_111_cand_152,0.37999999999999995,6,11.3,1.8979999999999997,0.3,3.4695000000000005
RZE_cand_111_cand_153,0.37999999999999995,6,11.3,1.8979999999999997,0.3,3.6622500000000007
RZE_cand_111_cand_154,0.37999999999999995,6,11.3,1.8979999999999997,0.3,3.855000000000001
RZE_cand_111_cand_155,0.37999999999999995,6,11.3,1.8979999999999997,0.3,4.047750000000001
RZE_cand_111_cand_156,0.37999999999999995,6,11.3,2.0479999999999996,0.3,3.084
RZE_cand_111_cand_157,0.37999999999999995,6,11.3,2.0479999999999996,0.3,3.2767500000000003
RZE_cand_111_cand_158,0.37999999999999995,6,11.3,2.0479999999999996,0.3,3.4695000000000005
RZE_cand_111_cand_159,0.37999999999999995,6,11.3,2.0479999999999996,0.3,3.6622500000000007
RZE_cand_111_cand_160,0.37999999999999995,6,11.3,2.0479999999999996,0.3,3.855000000000001
RZE_cand_111_cand_161,0.37999999999999995,6,11.3,2.0479999999999996,0.3,4.047750000000001
RZE_cand_111_cand_162,0.37999999999999995,6,11.3,2.1979999999999995,0.3,3.084
RZE_cand_111_cand_163,0.37999999999999995,6,11.3,2.1979999999999995,0.3,3.2767500000000003
RZE_cand_111_cand_164,0.37999999999999995,6,11.3,2.1979999999999995,0.3,3.4695000000000005
RZE_cand_111_cand_165,0.37999999999999995,6,11.3,2.1979999999999995,0.3,3.6622500000000007
RZE_cand_111_cand_166,0.37999999999999995,6,11.3,2.1979999999999995,0.3,3.855000000000001
RZE_cand_111_cand_167,0.37999999999999995,6,11.3,2.1979999999999995,0.3,4.047750000000001
RZE_cand_111_cand_168,0.42999999999999994,6,11.3,1.7479999999999998,0.3,3.084
RZE_cand_111_cand_169,0.42999999999999994,6,11.3,1.7479999999999998,0.3,3.2767500000000003
RZE_cand_111_cand_170,0.42999999999999994,6,11.3,1.7479999999999998,0.3,3.4695000000000005
RZE_cand_111_cand_171,0.42999999999999994,6,11.3,1.7479999999999998,0.3,3.6622500000000007
RZE_cand_111_cand_172,0.42999999999999994,6,11.3,1.7479999999999998,0.3,3.855000000000001
RZE_cand_111_cand_173,0.42999999999999994,6,11.3,1.7479999999999998,0.3,4.047750000000001
RZE_cand_111_cand_174,0.42999999999999994,6,11.3,1.8979999999999997,0.3,3.084
RZE_cand_111_cand_175,0.42999999999999994,6,11.3,1.8979999999999997,0.3,3.2767500000000003
RZE_cand_111_cand_176,0.42999999999999994,6,11.3,1.8979999999999997,0.3,3.4695000000000005
RZE_cand_111_cand_177,0.42999999999999994,6,11.3,1.8979999999999997,0.3,3.6622500000000007
RZE_cand_111_cand_178,0.42999999999999994,6,11.3,1.8979999999999997,0.3,3.855000000000001
RZE_cand_111_cand_179,0.42999999999999994,6,11.3,1.8979999999999997,0.3,4.047750000000001
RZE_cand_111_cand_180,0.42999999999999994,6,11.3,2.0479999999999996,0.3,3.084
RZE_cand_111_cand_181,0.42999999999999994,6,11.3,2.0479999999999996,0.3,3.2767500000000003
RZE_cand_111_cand_182,0.42999999999999994,6,11.3,2.0479999999999996,0.3,3.4695000000000005
RZE_cand_111_cand_183,0.42999999999999994,6,11.3,2.0479999999999996,0.3,3.6622500000000007
RZE_cand_111_cand_184,0.42999999999999994,6,11.3,2.0479999999999996,0.3,3.855000000000001
RZE_cand_111_cand_185,0.42999999999999994,6,11.3,2.0479999999999996,0.3,4.047750000000001
RZE_cand_111_cand_186,0.42999999999999994,6,11.3,2.1979999999999995,0.3,3.084
RZE_cand_111_cand_187,0.42999999999999994,6,11.3,2.1979999999999995,0.3,3.2767500000000003
RZE_cand_111_cand_188,0.42999999999999994,6,11.3,2.1979999999999995,0.3,3.4695000000000005
RZE_cand_111_cand_189,0.42999999999999994,6,11.3,2.1979999999999995,0.3,3.6622500000000007
RZE_cand_111_cand_190,0.42999999999999994,6,11.3,2.1979999999999995,0.3,3.855000000000001
RZE_cand_111_cand_191,0.42999999999999994,6,11.3,2.1979999999999995,0.3,4.047750000000001
RZE_cand_111_cand_192,0.4799999999999999,6,11.3,1.7479999999999998,0.3,3.084
RZE_cand_111_cand_193,0.4799999999999999,6,11.3,1.7479999999999998,0.3,3.2767500000000003
RZE_cand_111_cand_194,0.4799999999999999,6,11.3,1.7479999999999998,0.3,3.4695000000000005
RZE_cand_111_cand_195,0.4799999999999999,6,11.3,1.7479999999999998,0.3,3.6622500000000007
RZE_cand_111_cand_196,0.4799999999999999,6,11.3,1.7479999999999998,0.3,3.855000000000001
RZE_cand_111_cand_197,0.4799999999999999,6,11.3,1.7479999999999998,0.3,4.047750000000001
RZE_cand_111_cand_198,0.4799999999999999,6,11.3,1.8979999999999997,0.3,3.084
RZE_cand_111_cand_199,0.4799999999999999,6,11.3,1.8979999999999997,0.3,3.2767500000000003
RZE_cand_111_cand_200,0.4799999999999999,6,11.3,1.8979999999999997,0.3,3.4695000000000005
RZE_cand_111_cand_201,0.4799999999999999,6,11.3,1.8979999999999997,0.3,3.6622500000000007
RZE_cand_111_cand_202,0.4799999999999999,6,11.3,1.8979999999999997,0.3,3.855000000000001
RZE_cand_111_cand_203,0.4799999999999999,6,11.3,1.8979999999999997,0.3,4.047750000000001
RZE_cand_111_cand_204,0.4799999999999999,6,11.3,2.0479999999999996,0.3,3.084
RZE_cand_111_cand_205,0.4799999999999999,6,11.3,2.0479999999999996,0.3,3.2767500000000003
RZE_cand_111_cand_206,0.4799999999999999,6,11.3,2.0479999999999996,0.3,3.4695000000000005
RZE_cand_111_cand_207,0.4799999999999999,6,11.3,2.0479999999999996,0.3,3.6622500000000007
RZE_cand_111_cand_208,0.4799999999999999,6,11.3,2.0479999999999996,0.3,3.855000000000001
RZE_cand_111_cand_209,0.4799999999999999,6,11.3,2.0479999999999996,0.3,4.047750000000001
RZE_cand_111_cand_210,0.4799999999999999,6,11.3,2.1979999999999995,0.3,3.084
RZE_cand_111_cand_211,0.4799999999999999,6,11.3,2.1979999999999995,0.3,3.2767500000000003
RZE_cand_111_cand_212,0.4799999999999999,6,11.3,2.1979999999999995,0.3,3.4695000000000005
RZE_cand_111_cand_213,0.4799999999999999,6,11.3,2.1979999999999995,0.3,3.6622500000000007
RZE_cand_111_cand_214,0.4799999999999999,6,11.3,2.1979999999999995,0.3,3.855000000000001
RZE_cand_111_cand_215,0.4799999999999999,6,11.3,2.1979999999999995,0.3,4.047750000000001
RZE_cand_111_cand_216,0.5299999999999999,6,11.3,1.7479999999999998,0.3,3.084
RZE_cand_111_cand_217,0.5299999999999999,6,11.3,1.7479999999999998,0.3,3.2767500000000003
RZE_cand_111_cand_218,0.5299999999999999,6,11.3,1.7479999999999998,0.3,3.4695000000000005
RZE_cand_111_cand_219,0.5299999999999999,6,11.3,1.7479999999999998,0.3,3.6622500000000007
RZE_cand_111_cand_220,0.5299999999999999,6,11.3,1.7479999999999998,0.3,3.855000000000001
RZE_cand_111_cand_221,0.5299999999999999,6,11.3,1.7479999999999998,0.3,4.047750000000001
RZE_cand_111_cand_222,0.5299999999999999,6,11.3,1.8979999999999997,0.3,3.084
RZE_cand_111_cand_223,0.5299999999999999,6,11.3,1.8979999999999997,0.3,3.2767500000000003
RZE_cand_111_cand_224,0.5299999999999999,6,11.3,1.8979999999999997,0.3,3.4695000000000005
RZE_cand_111_cand_225,0.5299999999999999,6,11.3,1.8979999999999997,0.3,3.6622500000000007
RZE_cand_111_cand_226,0.5299999999999999,6,11.3,1.8979999999999997,0.3,3.855000000000001
RZE_cand_111_cand_227,0.5299999999999999,6,11.3,1.8979999999999997,0.3,4.047750000000001
RZE_cand_111_cand_228,0.5299999999999999,6,11.3,2.0479999999999996,0.3,3.084
RZE_cand_111_cand_229,0.5299999999999999,6,11.3,2.0479999999999996,0.3,3.2767500000000003
RZE_cand_111_cand_230,0.5299999999999999,6,11.3,2.0479999999999996,0.3,3.4695000000000005
RZE_cand_111_cand_231,0.5299999999999999,6,11.3,2.0479999999999996,0.3,3.6622500000000007
RZE_cand_111_cand_232,0.5299999999999999,6,11.3,2.0479999999999996,0.3,3.855000000000001
RZE_cand_111_cand_233,0.5299999999999999,6,11.3,2.0479999999999996,0.3,4.047750000000001
RZE_cand_111_cand_234,0.5299999999999999,6,11.3,2.1979999999999995,0.3,3.084
RZE_cand_111_cand_235,0.5299999999999999,6,11.3,2.1979999999999995,0.3,3.2767500000000003
RZE_cand_111_cand_236,0.5299999999999999,6,11.3,2.1979999999999995,0.3,3.4695000000000005
RZE_cand_111_cand_237,0.5299999999999999,6,11.3,2.1979999999999995,0.3,3.6622500000000007
RZE_cand_111_cand_238,0.5299999999999999,6,11.3,2.1979999999999995,0.3,3.855000000000001
RZE_cand_111_cand_239,0.5299999999999999,6,11.3,2.1979999999999995,0.3,4.047750000000001
RZE_cand_111_cand_240,0.5799999999999998,6,11.3,1.7479999999999998,0.3,3.084
RZE_cand_111_cand_241,0.5799999999999998,6,11.3,1.7479999999999998,0.3,3.2767500000000003
RZE_cand_111_cand_242,0.5799999999999998,6,11.3,1.7479999999999998,0.3,3.4695000000000005
RZE_cand_111_cand_243,0.5799999999999998,6,11.3,1.7479999999999998,0.3,3.6622500000000007
RZE_cand_111_cand_244,0.5799999999999998,6,11.3,1.7479999999999998,0.3,3.855000000000001
RZE_cand_111_cand_245,0.5799999999999998,6,11.3,1.7479999999999998,0.3,4.047750000000001
RZE_cand_111_cand_246,0.5799999999999998,6,11.3,1.8979999999999997,0.3,3.084
RZE_cand_111_cand_247,0.5799999999999998,6,11.3,1.8979999999999997,0.3,3.2767500000000003
RZE_cand_111_cand_248,0.5799999999999998,6,11.3,1.8979999999999997,0.3,3.4695000000000005
RZE_cand_111_cand_249,0.5799999999999998,6,11.3,1.8979999999999997,0.3,3.6622500000000007
RZE_cand_111_cand_250,0.5799999999999998,6,11.3,1.8979999999999997,0.3,3.855000000000001
RZE_cand_111_cand_251,0.5799999999999998,6,11.3,1.8979999999999997,0.3,4.047750000000001
RZE_cand_111_cand_252,0.5799999999999998,6,11.3,2.0479999999999996,0.3,3.084
RZE_cand_111_cand_253,0.5799999999999998,6,11.3,2.0479999999999996,0.3,3.2767500000000003
RZE_cand_111_cand_254,0.5799999999999998,6,11.3,2.0479999999999996,0.3,3.4695000000000005
RZE_cand_111_cand_255,0.5799999999999998,6,11.3,2.0479999999999996,0.3,3.6622500000000007
RZE_cand_111_cand_256,0.5799999999999998,6,11.3,2.0479999999999996,0.3,3.855000000000001
RZE_cand_111_cand_257,0.5799999999999998,6,11.3,2.0479999999999996,0.3,4.047750000000001
RZE_cand_111_cand_258,0.5799999999999998,6,11.3,2.1979999999999995,0.3,3.084
RZE_cand_111_cand_259,0.5799999999999998,6,11.3,2.1979999999999995,0.3,3.2767500000000003
RZE_cand_111_cand_260,0.5799999999999998,6,11.3,2.1979999999999995,0.3,3.4695000000000005
RZE_cand_111_cand_261,0.5799999999999998,6,11.3,2.1979999999999995,0.3,3.6622500000000007
RZE_cand_111_cand_262,0.5799999999999998,6,11.3,2.1979999999999995,0.3,3.855000000000001
RZE_cand_111_cand_263,0.5799999999999998,6,11.3,2.1979999999999995,0.3,4.047750000000001
RZE_cand_111_cand_264,0.6299999999999999,6,11.3,1.7479999999999998,0.3,3.084
RZE_cand_111_cand_265,0.6299999999999999,6,11.3,1.7479999999999998,0.3,3.2767500000000003
RZE_cand_111_cand_266,0.6299999999999999,6,11.3,1.7479999999999998,0.3,3.4695000000000005
RZE_cand_111_cand_267,0.6299999999999999,6,11.3,1.7479999999999998,0.3,3.6622500000000007
RZE_cand_111_cand_268,0.6299999999999999,6,11.3,1.7479999999999998,0.3,3.855000000000001
RZE_cand_111_cand_269,0.6299999999999999,6,11.3,1.7479999999999998,0.3,4.047750000000001
RZE_cand_111_cand_270,0.6299999999999999,6,11.3,1.8979999999999997,0.3,3.084
RZE_cand_111_cand_271,0.6299999999999999,6,11.3,1.8979999999999997,0.3,3.2767500000000003
RZE_cand_111_cand_272,0.6299999999999999,6,11.3,1.8979999999999997,0.3,3.4695000000000005
RZE_cand_111_cand_273,0.6299999999999999,6,11.3,1.8979999999999997,0.3,3.6622500000000007
RZE_cand_111_cand_274,0.6299999999999999,6,11.3,1.8979999999999997,0.3,3.855000000000001
RZE_cand_111_cand_275,0.6299999999999999,6,11.3,1.8979999999999997,0.3,4.047750000000001
RZE_cand_111_cand_276,0.6299999999999999,6,11.3,2.0479999999999996,0.3,3.084
RZE_cand_111_cand_277,0.6299999999999999,6,11.3,2.0479999999999996,0.3,3.2767500000000003
RZE_cand_111_cand_278,0.6299999999999999,6,11.3,2.0479999999999996,0.3,3.4695000000000005
RZE_cand_111_cand_279,0.6299999999999999,6,11.3,2.0479999999999996,0.3,3.6622500000000007
RZE_cand_111_cand_280,0.6299999999999999,6,11.3,2.0479999999999996,0.3,3.855000000000001
RZE_cand_111_cand_281,0.6299999999999999,6,11.3,2.0479999999999996,0.3,4.047750000000001
RZE_cand_111_cand_282,0.6299999999999999,6,11.3,2.1979999999999995,0.3,3.084
RZE_cand_111_cand_283,0.6299999999999999,6,11.3,2.1979999999999995,0.3,3.2767500000000003
RZE_cand_111_cand_284,0.6299999999999999,6,11.3,2.1979999999999995,0.3,3.4695000000000005
RZE_cand_111_cand_285,0.6299999999999999,6,11.3,2.1979999999999995,0.3,3.6622500000000007
RZE_cand_111_cand_286,0.6299999999999999,6,11.3,2.1979999999999995,0.3,3.855000000000001
RZE_cand_111_cand_287,0.6299999999999999,6,11.3,2.1979999999999995,0.3,4.047750000000001
RZE_cand_111_cand_288,0.6799999999999999,6,11.3,1.7479999999999998,0.3,3.084
RZE_cand_111_cand_289,0.6799999999999999,6,11.3,1.7479999999999998,0.3,3.2767500000000003
RZE_cand_111_cand_290,0.6799999999999999,6,11.3,1.7479999999999998,0.3,3.4695000000000005
RZE_cand_111_cand_291,0.6799999999999999,6,11.3,1.7479999999999998,0.3,3.6622500000000007
RZE_cand_111_cand_292,0.6799999999999999,6,11.3,1.7479999999999998,0.3,3.855000000000001
RZE_cand_111_cand_293,0.6799999999999999,6,11.3,1.7479999999999998,0.3,4.047750000000001
RZE_cand_111_cand_294,0.6799999999999999,6,11.3,1.8979999999999997,0.3,3.084
RZE_cand_111_cand_295,0.6799999999999999,6,11.3,1.8979999999999997,0.3,3.2767500000000003
RZE_cand_111_cand_296,0.6799999999999999,6,11.3,1.8979999999999997,0.3,3.4695000000000005
RZE_cand_111_cand_297,0.6799999999999999,6,11.3,1.8979999999999997,0.3,3.6622500000000007
RZE_cand_111_cand_298,0.6799999999999999,6,11.3,1.8979999999999997,0.3,3.855000000000001
RZE_cand_111_cand_299,0.6799999999999999,6,11.3,1.8979999999999997,0.3,4.047750000000001
RZE_cand_111_cand_300,0.6799999999999999,6,11.3,2.0479999999999996,0.3,3.084
RZE_cand_111_cand_301,0.6799999999999999,6,11.3,2.0479999999999996,0.3,3.2767500000000003
RZE_cand_111_cand_302,0.6799999999999999,6,11.3,2.0479999999999996,0.3,3.4695000000000005
RZE_cand_111_cand_303,0.6799999999999999,6,11.3,2.0479999999999996,0.3,3.6622500000000007
RZE_cand_111_cand_304,0.6799999999999999,6,11.3,2.0479999999999996,0.3,3.855000000000001
RZE_cand_111_cand_305,0.6799999999999999,6,11.3,2.0479999999999996,0.3,4.047750000000001
RZE_cand_111_cand_306,0.6799999999999999,6,11.3,2.1979999999999995,0.3,3.084
RZE_cand_111_cand_307,0.6799999999999999,6,11.3,2.1979999999999995,0.3,3.2767500000000003
RZE_cand_111_cand_308,0.6799999999999999,6,11.3,2.1979999999999995,0.3,3.4695000000000005
RZE_cand_111_cand_309,0.6799999999999999,6,11.3,2.1979999999999995,0.3,3.6622500000000007
RZE_cand_111_cand_310,0.6799999999999999,6,11.3,2.1979999999999995,0.3,3.855000000000001
RZE_cand_111_cand_311,0.6799999999999999,6,11.3,2.1979999999999995,0.3,4.047750000000001
RZE_cand_111_cand_312,0.73,6,11.3,1.7479999999999998,0.3,3.084
RZE_cand_111_cand_313,0.73,6,11.3,1.7479999999999998,0.3,3.2767500000000003
RZE_cand_111_cand_314,0.73,6,11.3,1.7479999999999998,0.3,3.4695000000000005
RZE_cand_111_cand_315,0.73,6,11.3,1.7479999999999998,0.3,3.6622500000000007
RZE_cand_111_cand_316,0.73,6,11.3,1.7479999999999998,0.3,3.855000000000001
RZE_cand_111_cand_317,0.73,6,11.3,1.7479999999999998,0.3,4.047750000000001
RZE_cand_111_cand_318,0.73,6,11.3,1.8979999999999997,0.3,3.084
RZE_cand_111_cand_319,0.73,6,11.3,1.8979999999999997,0.3,3.2767500000000003
RZE_cand_111_cand_320,0.73,6,11.3,1.8979999999999997,0.3,3.4695000000000005
RZE_cand_111_cand_321,0.73,6,11.3,1.8979999999999997,0.3,3.6622500000000007
RZE_cand_111_cand_322,0.73,6,11.3,1.8979999999999997,0.3,3.855000000000001
RZE_cand_111_cand_323,0.73,6,11.3,1.8979999999999997,0.3,4.047750000000001
RZE_cand_111_cand_324,0.73,6,11.3,2.0479999999999996,0.3,3.084
RZE_cand_111_cand_325,0.73,6,11.3,2.0479999999999996,0.3,3.2767500000000003
RZE_cand_111_cand_326,0.73,6,11.3,2.0479999999999996,0.3,3.4695000000000005
RZE_cand_111_cand_327,0.73,6,11.3,2.0479999999999996,0.3,3.6622500000000007
RZE_cand_111_cand_328,0.73,6,11.3,2.0479999999999996,0.3,3.855000000000001
RZE_cand_111_cand_329,0.73,6,11.3,2.0479999999999996,0.3,4.047750000000001
RZE_cand_111_cand_330,0.73,6,11.3,2.1979999999999995,0.3,3.084
RZE_cand_111_cand_331,0.73,6,11.3,2.1979999999999995,0.3,3.2767500000000003
RZE_cand_111_cand_332,0.73,6,11.3,2.1979999999999995,0.3,3.4695000000000005
RZE_cand_111_cand_333,0.73,6,11.3,2.1979999999999995,0.3,3.6622500000000007
RZE_cand_111_cand_334,0.73,6,11.3,2.1979999999999995,0.3,3.855000000000001
RZE_cand_111_cand_335,0.73,6,11.3,2.1979999999999995,0.3,4.047750000000001
RZE_cand_111_cand_336,0.7799999999999998,6,11.3,1.7479999999999998,0.3,3.084
RZE_cand_111_cand_337,0.7799999999999998,6,11.3,1.7479999999999998,0.3,3.2767500000000003
RZE_cand_111_cand_338,0.7799999999999998,6,11.3,1.7479999999999998,0.3,3.4695000000000005
RZE_cand_111_cand_339,0.7799999999999998,6,11.3,1.7479999999999998,0.3,3.6622500000000007
RZE_cand_111_cand_340,0.7799999999999998,6,11.3,1.7479999999999998,0.3,3.855000000000001
RZE_cand_111_cand_341,0.7799999999999998,6,11.3,1.7479999999999998,0.3,4.047750000000001
RZE_cand_111_cand_342,0.7799999999999998,6,11.3,1.8979999999999997,0.3,3.084
RZE_cand_111_cand_343,0.7799999999999998,6,11.3,1.8979999999999997,0.3,3.2767500000000003
RZE_cand_111_cand_344,0.7799999999999998,6,11.3,1.8979999999999997,0.3,3.4695000000000005
RZE_cand_111_cand_345,0.7799999999999998,6,11.3,1.8979999999999997,0.3,3.6622500000000007
RZE_cand_111_cand_346,0.7799999999999998,6,11.3,1.8979999999999997,0.3,3.855000000000001
RZE_cand_111_cand_347,0.7799999999999998,6,11.3,1.8979999999999997,0.3,4.047750000000001
RZE_cand_111_cand_348,0.7799999999999998,6,11.3,2.0479999999999996,0.3,3.084
RZE_cand_111_cand_349,0.7799999999999998,6,11.3,2.0479999999999996,0.3,3.2767500000000003
RZE_cand_111_cand_350,0.7799999999999998,6,11.3,2.0479999999999996,0.3,3.4695000000000005
RZE_cand_111_cand_351,0.7799999999999998,6,11.3,2.0479999999999996,0.3,3.6622500000000007
RZE_cand_111_cand_352,0.7799999999999998,6,11.3,2.0479999999999996,0.3,3.855000000000001
RZE_cand_111_cand_353,0.7799999999999998,6,11.3,2.0479999999999996,0.3,4.047750000000001
RZE_cand_111_cand_354,0.7799999999999998,6,11.3,2.1979999999999995,0.3,3.084
RZE_cand_111_cand_355,0.7799999999999998,6,11.3,2.1979999999999995,0.3,3.2767500000000003
RZE_cand_111_cand_356,0.7799999999999998,6,11.3,2.1979999999999995,0.3,3.4695000000000005
RZE_cand_111_cand_357,0.7799999999999998,6,11.3,2.1979999999999995,0.3,3.6622500000000007
RZE_cand_111_cand_358,0.7799999999999998,6,11.3,2.1979999999999995,0.3,3.855000000000001
RZE_cand_111_cand_359,0.7799999999999998,6,11.3,2.1979999999999995,0.3,4.047750000000001
