name,i1,i2,i3,i4,o1,o2,candidate_efficiency,candidate_efficient,SZZ_efficiency
RZE__to__SZZ_cand_0,0.3,6,11.3,1.0899999999999999,0.3,2.24,1.0000000000,true,1.0000000000
RZE__to__SZZ_cand_1,0.3,6,11.3,1.0899999999999999,0.3,2.66,1.0000000000,true,0.9473684211
RZE__to__SZZ_cand_2,0.3,6,11.3,1.0899999999999999,0.3,3.08,1.0000000000,true,0.8181818182
RZE__to__SZZ_cand_3,0.3,6,11.3,1.0899999999999999,0.3,3.5,1.0000000000,true,0.7200000000
RZE__to__SZZ_cand_4,0.3,6,11.3,1.0899999999999999,0.3,3.92,1.0000000000,true,0.6428571429
RZE__to__SZZ_cand_5,0.3,6,11.3,1.0899999999999999,0.3,4.2,1.0000000000,true,0.6000000000
RZE__to__SZZ_cand_6,0.3,6,11.3,1.0899999999999999,0.3,4.34,1.0000000000,true,0.6000000000
RZE__to__SZZ_cand_7,0.3,6,11.3,1.0899999999999999,0.3,4.76,1.0000000000,true,0.6000000000
RZE__to__SZZ_cand_8,0.3,6,11.3,1.0899999999999999,0.3,5.18,1.0000000000,true,0.6000000000
RZE__to__SZZ_cand_9,0.3,6,11.3,1.0899999999999999,0.3,5.6,1.0000000000,true,0.6000000000
RZE__to__SZZ_cand_10,0.3,6,11.3,1.3599999999999999,0.3,2.24,1.0000000000,true,1.0000000000
RZE__to__SZZ_cand_11,0.3,6,11.3,1.3599999999999999,0.3,2.66,1.0000000000,true,1.0000000000
RZE__to__SZZ_cand_12,0.3,6,11.3,1.3599999999999999,0.3,3.08,1.0000000000,true,0.9760765550
RZE__to__SZZ_cand_13,0.3,6,11.3,1.3599999999999999,0.3,3.5,1.0000000000,true,0.8589473684
RZE__to__SZZ_cand_14,0.3,6,11.3,1.3599999999999999,0.3,3.92,1.0000000000,true,0.7669172932
RZE__to__SZZ_cand_15,0.3,6,11.3,1.3599999999999999,0.3,4.2,1.0000000000,true,0.7157894737
RZE__to__SZZ_cand_16,0.3,6,11.3,1.3599999999999999,0.3,4.34,1.0000000000,true,0.7157894737
RZE__to__SZZ_cand_17,0.3,6,11.3,1.3599999999999999,0.3,4.76,1.0000000000,true,0.7157894737
RZE__to__SZZ_cand_18,0.3,6,11.3,1.3599999999999999,0.3,5.18,1.0000000000,true,0.7157894737
RZE__to__SZZ_cand_19,0.3,6,11.3,1.3599999999999999,0.3,5.6,1.0000000000,true,0.7157894737
RZE__to__SZZ_cand_20,0.3,6,11.3,1.63,0.3,2.24,1.0000000000,true,1.0000000000
RZE__to__SZZ_cand_21,0.3,6,11.3,1.63,0.3,2.66,1.0000000000,true,1.0000000000
RZE__to__SZZ_cand_22,0.3,6,11.3,1.63,0.3,3.08,1.0000000000,true,1.0000000000
RZE__to__SZZ_cand_23,0.3,6,11.3,1.63,0.3,3.5,1.0000000000,true,1.0000000000
RZE__to__SZZ_cand_24,0.3,6,11.3,1.63,0.3,3.92,1.0000000000,true,0.9191729323
RZE__to__SZZ_cand_25,0.3,6,11.3,1.63,0.3,4.2,1.0000000000,true,0.8578947368
RZE__to__SZZ_cand_26,0.3,6,11.3,1.63,0.3,4.34,1.0000000000,true,0.8578947368
RZE__to__SZZ_cand_27,0.3,6,11.3,1.63,0.3,4.76,1.0000000000,true,0.8578947368
RZE__to__SZZ_cand_28,0.3,6,11.3,1.63,0.3,5.18,1.0000000000,true,0.8578947368
RZE__to__SZZ_cand_29,0.3,6,11.3,1.63,0.3,5.6,1.0000000000,true,0.8578947368
RZE__to__SZZ_cand_30,0.3,6,11.3,1.9,0.3,2.24,1.0000000000,true,1.0000000000
RZE__to__SZZ_cand_31,0.3,6,11.3,1.9,0.3,2.66,1.0000000000,true,1.0000000000
RZE__to__SZZ_cand_32,0.3,6,11.3,1.9,0.3,3.08,1.0000000000,true,1.0000000000
RZE__to__SZZ_cand_33,0.3,6,11.3,1.9,0.3,3.5,1.0000000000,true,1.0000000000
RZE__to__SZZ_cand_34,0.3,6,11.3,1.9,0.3,3.92,1.0000000000,true,1.0000000000
RZE__to__SZZ_cand_35,0.3,6,11.3,1.9,0.3,4.2,1.0000000000,true,1.0000000000
RZE__to__SZZ_cand_36,0.3,6,11.3,1.9,0.3,4.34,1.0000000000,true,1.0000000000
RZE__to__SZZ_cand_37,0.3,6,11.3,1.9,0.3,4.76,1.0000000000,true,1.0000000000
RZE__to__SZZ_cand_38,0.3,6,11.3,1.9,0.3,5.18,1.0000000000,true,1.0000000000
RZE__to__SZZ_cand_39,0.3,6,11.3,1.9,0.3,5.6,1.0000000000,true,1.0000000000
RZE__to__SZZ_cand_40,0.3,6,11.3,2.17,0.3,2.24,1.0000000000,true,1.0000000000
RZE__to__SZZ_cand_41,0.3,6,11.3,2.17,0.3,2.66,1.0000000000,true,1.0000000000
RZE__to__SZZ_cand_42,0.3,6,11.3,2.17,0.3,3.08,1.0000000000,true,1.0000000000
RZE__to__SZZ_cand_43,0.3,6,11.3,2.17,0.3,3.5,1.0000000000,true,1.0000000000
RZE__to__SZZ_cand_44,0.3,6,11.3,2.17,0.3,3.92,1.0000000000,true,1.0000000000
RZE__to__SZZ_cand_45,0.3,6,11.3,2.17,0.3,4.2,1.0000000000,true,1.0000000000
RZE__to__SZZ_cand_46,0.3,6,11.3,2.17,0.3,4.34,1.0000000000,true,1.0000000000
RZE__to__SZZ_cand_47,0.3,6,11.3,2.17,0.3,4.76,1.0000000000,true,1.0000000000
RZE__to__SZZ_cand_48,0.3,6,11.3,2.17,0.3,5.18,1.0000000000,true,1.0000000000
RZE__to__SZZ_cand_49,0.3,6,11.3,2.17,0.3,5.6,1.0000000000,true,1.0000000000
RZE__to__SZZ_cand_50,0.3,6,11.3,2.44,0.3,2.24,1.0000000000,true,1.0000000000
RZE__to__SZZ_cand_51,0.3,6,11.3,2.44,0.3,2.66,1.0000000000,true,1.0000000000
RZE__to__SZZ_cand_52,0.3,6,11.3,2.44,0.3,3.08,1.0000000000,true,1.0000000000
RZE__to__SZZ_cand_53,0.3,6,11.3,2.44,0.3,3.5,1.0000000000,true,1.0000000000
RZE__to__SZZ_cand_54,0.3,6,11.3,2.44,0.3,3.92,1.0000000000,true,1.0000000000
RZE__to__SZZ_cand_55,0.3,6,11.3,2.44,0.3,4.2,1.0000000000,true,1.0000000000
RZE__to__SZZ_cand_56,0.3,6,11.3,2.44,0.3,4.34,1.0000000000,true,1.0000000000
RZE__to__SZZ_cand_57,0.3,6,11.3,2.44,0.3,4.76,1.0000000000,true,1.0000000000
RZE__to__SZZ_cand_58,0.3,6,11.3,2.44,0.3,5.18,1.0000000000,true,1.0000000000
RZE__to__SZZ_cand_59,0.3,6,11.3,2.44,0.3,5.6,1.0000000000,true,1.0000000000
RZE__to__SZZ_cand_60,0.3,6,11.3,2.7,0.3,2.24,1.0000000000,true,1.0000000000
RZE__to__SZZ_cand_61,0.3,6,11.3,2.7,0.3,2.66,1.0000000000,true,1.0000000000
RZE__to__SZZ_cand_62,0.3,6,11.3,2.7,0.3,3.08,1.0000000000,true,1.0000000000
RZE__to__SZZ_cand_63,0.3,6,11.3,2.7,0.3,3.5,1.0000000000,true,1.0000000000
RZE__to__SZZ_cand_64,0.3,6,11.3,2.7,0.3,3.92,1.0000000000,true,1.0000000000
RZE__to__SZZ_cand_65,0.3,6,11.3,2.7,0.3,4.2,1.0000000000,true,1.0000000000
RZE__to__SZZ_cand_66,0.3,6,11.3,2.7,0.3,4.34,1.0000000000,true,1.0000000000
RZE__to__SZZ_cand_67,0.3,6,11.3,2.7,0.3,4.76,1.0000000000,true,1.0000000000
RZE__to__SZZ_cand_68,0.3,6,11.3,2.7,0.3,5.18,1.0000000000,true,1.0000000000
RZE__to__SZZ_cand_69,0.3,6,11.3,2.7,0.3,5.6,1.0000000000,true,1.0000000000
RZE__to__SZZ_cand_70,0.3,6,11.3,2.71,0.3,2.24,1.0000000000,true,1.0000000000
RZE__to__SZZ_cand_71,0.3,6,11.3,2.71,0.3,2.66,1.0000000000,true,1.0000000000
RZE__to__SZZ_cand_72,0.3,6,11.3,2.71,0.3,3.08,1.0000000000,true,1.0000000000
RZE__to__SZZ_cand_73,0.3,6,11.3,2.71,0.3,3.5,1.0000000000,true,1.0000000000
RZE__to__SZZ_cand_74,0.3,6,11.3,2.71,0.3,3.92,1.0000000000,true,1.0000000000
RZE__to__SZZ_cand_75,0.3,6,11.3,2.71,0.3,4.2,1.0000000000,true,1.0000000000
RZE__to__SZZ_cand_76,0.3,6,11.3,2.71,0.3,4.34,1.0000000000,true,1.0000000000
RZE__to__SZZ_cand_77,0.3,6,11.3,2.71,0.3,4.76,1.0000000000,true,1.0000000000
RZE__to__SZZ_cand_78,0.3,6,11.3,2.71,0.3,5.18,1.0000000000,true,1.0000000000
RZE__to__SZZ_cand_79,0.3,6,11.3,2.71,0.3,5.6,1.0000000000,true,1.0000000000
RZE__to__SZZ_cand_80,0.3,6,11.3,2.98,0.3,2.24,1.0000000000,true,1.0000000000
RZE__to__SZZ_cand_81,0.3,6,11.3,2.98,0.3,2.66,1.0000000000,true,1.0000000000
RZE__to__SZZ_cand_82,0.3,6,11.3,2.98,0.3,3.08,1.0000000000,true,1.0000000000
RZE__to__SZZ_cand_83,0.3,6,11.3,2.98,0.3,3.5,1.0000000000,true,1.0000000000
RZE__to__SZZ_cand_84,0.3,6,11.3,2.98,0.3,3.92,1.0000000000,true,1.0000000000
RZE__to__SZZ_cand_85,0.3,6,11.3,2.98,0.3,4.2,1.0000000000,true,1.0000000000
RZE__to__SZZ_cand_86,0.3,6,11.3,2.98,0.3,4.34,1.0000000000,true,1.0000000000
RZE__to__SZZ_cand_87,0.3,6,11.3,2.98,0.3,4.76,1.0000000000,true,1.0000000000
RZE__to__SZZ_cand_88,0.3,6,11.3,2.98,0.3,5.18,1.0000000000,true,1.0000000000
RZE__to__SZZ_cand_89,0.3,6,11.3,2.98,0.3,5.6,1.0000000000,true,1.0000000000
RZE__to__SZZ_cand_90,0.3,6,11.3,3.25,0.3,2.24,1.0000000000,true,1.0000000000
RZE__to__SZZ_cand_91,0.3,6,11.3,3.25,0.3,2.66,1.0000000000,true,1.0000000000
RZE__to__SZZ_cand_92,0.3,6,11.3,3.25,0.3,3.08,1.0000000000,true,1.0000000000
RZE__to__SZZ_cand_93,0.3,6,11.3,3.25,0.3,3.5,1.0000000000,true,1.0000000000
RZE__to__SZZ_cand_94,0.3,6,11.3,3.25,0.3,3.92,1.0000000000,true,1.0000000000
RZE__to__SZZ_cand_95,0.3,6,11.3,3.25,0.3,4.2,1.0000000000,true,1.0000000000
RZE__to__SZZ_cand_96,0.3,6,11.3,3.25,0.3,4.34,1.0000000000,true,1.0000000000
RZE__to__SZZ_cand_97,0.3,6,11.3,3.25,0.3,4.76,1.0000000000,true,1.0000000000
RZE__to__SZZ_cand_98,0.3,6,11.3,3.25,0.3,5.18,1.0000000000,true,1.0000000000
RZE__to__SZZ_cand_99,0.3,6,11.3,3.25,0.3,5.6,1.0000000000,true,1.0000000000
RZE__to__SZZ_cand_100,0.3,6,11.3,3.52,0.3,2.24,1.0000000000,true,1.0000000000
RZE__to__SZZ_cand_101,0.3,6,11.3,3.52,0.3,2.66,1.0000000000,true,1.0000000000
RZE__to__SZZ_cand_102,0.3,6,11.3,3.52,0.3,3.08,1.0000000000,true,1.0000000000
RZE__to__SZZ_cand_103,0.3,6,11.3,3.52,0.3,3.5,1.0000000000,true,1.0000000000
RZE__to__SZZ_cand_104,0.3,6,11.3,3.52,0.3,3.92,1.0000000000,true,1.0000000000
RZE__to__SZZ_cand_105,0.3,6,11.3,3.52,0.3,4.2,1.0000000000,true,1.0000000000
RZE__to__SZZ_cand_106,0.3,6,11.3,3.52,0.3,4.34,1.0000000000,true,1.0000000000
RZE__to__SZZ_cand_107,0.3,6,11.3,3.52,0.3,4.76,1.0000000000,true,1.0000000000
RZE__to__SZZ_cand_108,0.3,6,11.3,3.52,0.3,5.18,1.0000000000,true,1.0000000000
RZE__to__SZZ_cand_109,0.3,6,11.3,3.52,0.3,5.6,1.0000000000,true,1.0000000000
RZE__to__SZZ_cand_110,0.4,6,11.3,1.0899999999999999,0.3,2.24,1.0000000000,true,1.0000000000
RZE__to__SZZ_cand_111,0.4,6,11.3,1.0899999999999999,0.3,2.66,1.0000000000,true,0.9473684211
RZE__to__SZZ_cand_112,0.4,6,11.3,1.0899999999999999,0.3,3.08,1.0000000000,true,0.8181818182
RZE__to__SZZ_cand_113,0.4,6,11.3,1.0899999999999999,0.3,3.5,1.0000000000,true,0.7200000000
RZE__to__SZZ_cand_114,0.4,6,11.3,1.0899999999999999,0.3,3.92,1.0000000000,true,0.6428571429
RZE__to__SZZ_cand_115,0.4,6,11.3,1.0899999999999999,0.3,4.2,1.0000000000,true,0.6000000000
RZE__to__SZZ_cand_116,0.4,6,11.3,1.0899999999999999,0.3,4.34,1.0000000000,true,0.6000000000
RZE__to__SZZ_cand_117,0.4,6,11.3,1.0899999999999999,0.3,4.76,1.0000000000,true,0.6000000000
RZE__to__SZZ_cand_118,0.4,6,11.3,1.0899999999999999,0.3,5.18,1.0000000000,true,0.6000000000
RZE__to__SZZ_cand_119,0.4,6,11.3,1.0899999999999999,0.3,5.6,1.0000000000,true,0.6000000000
RZE__to__SZZ_cand_120,0.4,6,11.3,1.3599999999999999,0.3,2.24,1.0000000000,true,1.0000000000
RZE__to__SZZ_cand_121,0.4,6,11.3,1.3599999999999999,0.3,2.66,1.0000000000,true,1.0000000000
RZE__to__SZZ_cand_122,0.4,6,11.3,1.3599999999999999,0.3,3.08,1.0000000000,true,0.9760765550
RZE__to__SZZ_cand_123,0.4,6,11.3,1.3599999999999999,0.3,3.5,1.0000000000,true,0.8589473684
RZE__to__SZZ_cand_124,0.4,6,11.3,1.3599999999999999,0.3,3.92,1.0000000000,true,0.7669172932
RZE__to__SZZ_cand_125,0.4,6,11.3,1.3599999999999999,0.3,4.2,1.0000000000,true,0.7157894737
RZE__to__SZZ_cand_126,0.4,6,11.3,1.3599999999999999,0.3,4.34,1.0000000000,true,0.7157894737
RZE__to__SZZ_cand_127,0.4,6,11.3,1.3599999999999999,0.3,4.76,1.0000000000,true,0.7157894737
RZE__to__SZZ_cand_128,0.4,6,11.3,1.3599999999999999,0.3,5.18,1.0000000000,true,0.7157894737
RZE__to__SZZ_cand_129,0.4,6,11.3,1.3599999999999999,0.3,5.6,1.0000000000,true,0.7157894737
RZE__to__SZZ_cand_130,0.4,6,11.3,1.63,0.3,2.24,1.0000000000,true,1.0000000000
RZE__to__SZZ_cand_131,0.4,6,11.3,1.63,0.3,2.66,1.0000000000,true,1.0000000000
RZE__to__SZZ_cand_132,0.4,6,11.3,1.63,0.3,3.08,1.0000000000,true,1.0000000000
RZE__to__SZZ_cand_133,0.4,6,11.3,1.63,0.3,3.5,1.0000000000,true,1.0000000000
RZE__to__SZZ_cand_134,0.4,6,11.3,1.63,0.3,3.92,1.0000000000,true,0.9191729323
RZE__to__SZZ_cand_135,0.4,6,11.3,1.63,0.3,4.2,1.0000000000,true,0.8578947368
RZE__to__SZZ_cand_136,0.4,6,11.3,1.63,0.3,4.34,1.0000000000,true,0.8578947368
RZE__to__SZZ_cand_137,0.4,6,11.3,1.63,0.3,4.76,1.0000000000,true,0.8578947368
RZE__to__SZZ_cand_138,0.4,6,11.3,1.63,0.3,5.18,1.0000000000,true,0.8578947368
RZE__to__SZZ_cand_139,0.4,6,11.3,1.63,0.3,5.6,1.0000000000,true,0.8578947368
RZE__to__SZZ_cand_140,0.4,6,11.3,1.9,0.3,2.24,1.0000000000,true,1.0000000000
RZE__to__SZZ_cand_141,0.4,6,11.3,1.9,0.3,2.66,1.0000000000,true,1.0000000000
RZE__to__SZZ_cand_142,0.4,6,11.3,1.9,0.3,3.08,1.0000000000,true,1.0000000000
RZE__to__SZZ_cand_143,0.4,6,11.3,1.9,0.3,3.5,1.0000000000,true,1.0000000000
RZE__to__SZZ_cand_144,0.4,6,11.3,1.9,0.3,3.92,1.0000000000,true,1.0000000000
RZE__to__SZZ_cand_145,0.4,6,11.3,1.9,0.3,4.2,1.0000000000,true,1.0000000000
RZE__to__SZZ_cand_146,0.4,6,11.3,1.9,0.3,4.34,1.0000000000,true,1.0000000000
RZE__to__SZZ_cand_147,0.4,6,11.3,1.9,0.3,4.76,1.0000000000,true,1.0000000000
RZE__to__SZZ_cand_148,0.4,6,11.3,1.9,0.3,5.18,1.0000000000,true,1.0000000000
RZE__to__SZZ_cand_149,0.4,6,11.3,1.9,0.3,5.6,1.0000000000,true,1.0000000000
RZE__to__SZZ_cand_150,0.4,6,11.3,2.17,0.3,2.24,1.0000000000,true,1.0000000000
RZE__to__SZZ_cand_151,0.4,6,11.3,2.17,0.3,2.66,1.0000000000,true,1.0000000000
RZE__to__SZZ_cand_152,0.4,6,11.3,2.17,0.3,3.08,1.0000000000,true,1.0000000000
RZE__to__SZZ_cand_153,0.4,6,11.3,2.17,0.3,3.5,1.0000000000,true,1.0000000000
RZE__to__SZZ_cand_154,0.4,6,11.3,2.17,0.3,3.92,1.0000000000,true,1.0000000000
RZE__to__SZZ_cand_155,0.4,6,11.3,2.17,0.3,4.2,1.0000000000,true,1.0000000000
RZE__to__SZZ_cand_156,0.4,6,11.3,2.17,0.3,4.34,1.0000000000,true,1.0000000000
RZE__to__SZZ_cand_157,0.4,6,11.3,2.17,0.3,4.76,1.0000000000,true,1.0000000000
RZE__to__SZZ_cand_158,0.4,6,11.3,2.17,0.3,5.18,1.0000000000,true,1.0000000000
RZE__to__SZZ_cand_159,0.4,6,11.3,2.17,0.3,5.6,1.0000000000,true,1.0000000000
RZE__to__SZZ_cand_160,0.4,6,11.3,2.44,0.3,2.24,1.0000000000,true,1.0000000000
RZE__to__SZZ_cand_161,0.4,6,11.3,2.44,0.3,2.66,1.0000000000,true,1.0000000000
RZE__to__SZZ_cand_162,0.4,6,11.3,2.44,0.3,3.08,1.0000000000,true,1.0000000000
RZE__to__SZZ_cand_163,0.4,6,11.3,2.44,0.3,3.5,1.0000000000,true,1.0000000000
RZE__to__SZZ_cand_164,0.4,6,11.3,2.44,0.3,3.92,1.0000000000,true,1.0000000000
RZE__to__SZZ_cand_165,0.4,6,11.3,2.44,0.3,4.2,1.0000000000,true,1.0000000000
RZE__to__SZZ_cand_166,0.4,6,11.3,2.44,0.3,4.34,1.0000000000,true,1.0000000000
RZE__to__SZZ_cand_167,0.4,6,11.3,2.44,0.3,4.76,1.0000000000,true,1.0000000000
RZE__to__SZZ_cand_168,0.4,6,11.3,2.44,0.3,5.18,1.0000000000,true,1.0000000000
RZE__to__SZZ_cand_169,0.4,6,11.3,2.44,0.3,5.6,1.0000000000,true,1.0000000000
RZE__to__SZZ_cand_170,0.4,6,11.3,2.7,0.3,2.24,1.0000000000,true,1.0000000000
RZE__to__SZZ_cand_171,0.4,6,11.3,2.7,0.3,2.66,1.0000000000,true,1.0000000000
RZE__to__SZZ_cand_172,0.4,6,11.3,2.7,0.3,3.08,1.0000000000,true,1.0000000000
RZE__to__SZZ_cand_173,0.4,6,11.3,2.7,0.3,3.5,1.0000000000,true,1.0000000000
RZE__to__SZZ_cand_174,0.4,6,11.3,2.7,0.3,3.92,1.0000000000,true,1.0000000000
RZE__to__SZZ_cand_175,0.4,6,11.3,2.7,0.3,4.2,1.0000000000,true,1.0000000000
RZE__to__SZZ_cand_176,0.4,6,11.3,2.7,0.3,4.34,1.0000000000,true,1.0000000000
RZE__to__SZZ_cand_177,0.4,6,11.3,2.7,0.3,4.76,1.0000000000,true,1.0000000000
RZE__to__SZZ_cand_178,0.4,6,11.3,2.7,0.3,5.18,1.0000000000,true,1.0000000000
RZE__to__SZZ_cand_179,0.4,6,11.3,2.7,0.3,5.6,1.0000000000,true,1.0000000000
RZE__to__SZZ_cand_180,0.4,6,11.3,2.71,0.3,2.24,1.0000000000,true,1.0000000000
RZE__to__SZZ_cand_181,0.4,6,11.3,2.71,0.3,2.66,1.0000000000,true,1.0000000000
RZE__to__SZZ_cand_182,0.4,6,11.3,2.71,0.3,3.08,1.0000000000,true,1.0000000000
RZE__to__SZZ_cand_183,0.4,6,11.3,2.71,0.3,3.5,1.0000000000,true,1.0000000000
RZE__to__SZZ_cand_184,0.4,6,11.3,2.71,0.3,3.92,1.0000000000,true,1.0000000000
RZE__to__SZZ_cand_185,0.4,6,11.3,2.71,0.3,4.2,1.0000000000,true,1.0000000000
RZE__to__SZZ_cand_186,0.4,6,11.3,2.71,0.3,4.34,1.0000000000,true,1.0000000000
RZE__to__SZZ_cand_187,0.4,6,11.3,2.71,0.3,4.76,1.0000000000,true,1.0000000000
RZE__to__SZZ_cand_188,0.4,6,11.3,2.71,0.3,5.18,1.0000000000,true,1.0000000000
RZE__to__SZZ_cand_189,0.4,6,11.3,2.71,0.3,5.6,1.0000000000,true,1.0000000000
RZE__to__SZZ_cand_190,0.4,6,11.3,2.98,0.3,2.24,1.0000000000,true,1.0000000000
RZE__to__SZZ_cand_191,0.4,6,11.3,2.98,0.3,2.66,1.0000000000,true,1.0000000000
RZE__to__SZZ_cand_192,0.4,6,11.3,2.98,0.3,3.08,1.0000000000,true,1.0000000000
RZE__to__SZZ_cand_193,0.4,6,11.3,2.98,0.3,3.5,1.0000000000,true,1.0000000000
RZE__to__SZZ_cand_194,0.4,6,11.3,2.98,0.3,3.92,1.0000000000,true,1.0000000000
RZE__to__SZZ_cand_195,0.4,6,11.3,2.98,0.3,4.2,1.0000000000,true,1.0000000000
RZE__to__SZZ_cand_196,0.4,6,11.3,2.98,0.3,4.34,1.0000000000,true,1.0000000000
RZE__to__SZZ_cand_197,0.4,6,11.3,2.98,0.3,4.76,1.0000000000,true,1.0000000000
RZE__to__SZZ_cand_198,0.4,6,11.3,2.98,0.3,5.18,1.0000000000,true,1.0000000000
RZE__to__SZZ_cand_199,0.4,6,11.3,2.98,0.3,5.6,1.0000000000,true,1.0000000000
RZE__to__SZZ_cand_200,0.4,6,11.3,3.25,0.3,2.24,1.0000000000,true,1.0000000000
RZE__to__SZZ_cand_201,0.4,6,11.3,3.25,0.3,2.66,1.0000000000,true,1.0000000000
RZE__to__SZZ_cand_202,0.4,6,11.3,3.25,0.3,3.08,1.0000000000,true,1.0000000000
RZE__to__SZZ_cand_203,0.4,6,11.3,3.25,0.3,3.5,1.0000000000,true,1.0000000000
RZE__to__SZZ_cand_204,0.4,6,11.3,3.25,0.3,3.92,1.0000000000,true,1.0000000000
RZE__to__SZZ_cand_205,0.4,6,11.3,3.25,0.3,4.2,1.0000000000,true,1.0000000000
RZE__to__SZZ_cand_206,0.4,6,11.3,3.25,0.3,4.34,1.0000000000,true,1.0000000000
RZE__to__SZZ_cand_207,0.4,6,11.3,3.25,0.3,4.76,1.0000000000,true,1.0000000000
RZE__to__SZZ_cand_208,0.4,6,11.3,3.25,0.3,5.18,1.0000000000,true,1.0000000000
RZE__to__SZZ_cand_209,0.4,6,11.3,3.25,0.3,5.6,1.0000000000,true,1.0000000000
RZE__to__SZZ_cand_210,0.4,6,11.3,3.52,0.3,2.24,1.0000000000,true,1.0000000000
RZE__to__SZZ_cand_211,0.4,6,11.3,3.52,0.3,2.66,1.0000000000,true,1.0000000000
RZE__to__SZZ_cand_212,0.4,6,11.3,3.52,0.3,3.08,1.0000000000,true,1.0000000000
RZE__to__SZZ_cand_213,0.4,6,11.3,3.52,0.3,3.5,1.0000000000,true,1.0000000000
RZE__to__SZZ_cand_214,0.4,6,11.3,3.52,0.3,3.92,1.0000000000,true,1.0000000000
RZE__to__SZZ_cand_215,0.4,6,11.3,3.52,0.3,4.2,1.0000000000,true,1.0000000000
RZE__to__SZZ_cand_216,0.4,6,11.3,3.52,0.3,4.34,1.0000000000,true,1.0000000000
RZE__to__SZZ_cand_217,0.4,6,11.3,3.52,0.3,4.76,1.0000000000,true,1.0000000000
RZE__to__SZZ_cand_218,0.4,6,11.3,3.52,0.3,5.18,1.0000000000,true,1.0000000000
RZE__to__SZZ_cand_219,0.4,6,11.3,3.52,0.3,5.6,1.0000000000,true,1.0000000000
RZE__to__SZZ_cand_220,0.5,6,11.3,1.0899999999999999,0.3,2.24,1.0000000000,true,1.0000000000
RZE__to__SZZ_cand_221,0.5,6,11.3,1.0899999999999999,0.3,2.66,1.0000000000,true,1.0000000000
RZE__to__SZZ_cand_222,0.5,6,11.3,1.0899999999999999,0.3,3.08,1.0000000000,true,0.9740259740
RZE__to__SZZ_cand_223,0.5,6,11.3,1.0899999999999999,0.3,3.5,1.0000000000,true,0.8571428571
RZE__to__SZZ_cand_224,0.5,6,11.3,1.0899999999999999,0.3,3.92,1.0000000000,true,0.7653061224
RZE__to__SZZ_cand_225,0.5,6,11.3,1.0899999999999999,0.3,4.2,1.0000000000,true,0.7142857143
RZE__to__SZZ_cand_226,0.5,6,11.3,1.0899999999999999,0.3,4.34,1.0000000000,true,0.7142857143
RZE__to__SZZ_cand_227,0.5,6,11.3,1.0899999999999999,0.3,4.76,1.0000000000,true,0.7142857143
RZE__to__SZZ_cand_228,0.5,6,11.3,1.0899999999999999,0.3,5.18,1.0000000000,true,0.7142857143
RZE__to__SZZ_cand_229,0.5,6,11.3,1.0899999999999999,0.3,5.6,1.0000000000,true,0.7142857143
RZE__to__SZZ_cand_230,0.5,6,11.3,1.3599999999999999,0.3,2.24,1.0000000000,true,1.0000000000
RZE__to__SZZ_cand_231,0.5,6,11.3,1.3599999999999999,0.3,2.66,1.0000000000,true,1.0000000000
RZE__to__SZZ_cand_232,0.5,6,11.3,1.3599999999999999,0.3,3.08,1.0000000000,true,0.9760765550
RZE__to__SZZ_cand_233,0.5,6,11.3,1.3599999999999999,0.3,3.5,1.0000000000,true,0.8589473684
RZE__to__SZZ_cand_234,0.5,6,11.3,1.3599999999999999,0.3,3.92,1.0000000000,true,0.7669172932
RZE__to__SZZ_cand_235,0.5,6,11.3,1.3599999999999999,0.3,4.2,1.0000000000,true,0.7157894737
RZE__to__SZZ_cand_236,0.5,6,11.3,1.3599999999999999,0.3,4.34,1.0000000000,true,0.7157894737
RZE__to__SZZ_cand_237,0.5,6,11.3,1.3599999999999999,0.3,4.76,1.0000000000,true,0.7157894737
RZE__to__SZZ_cand_238,0.5,6,11.3,1.3599999999999999,0.3,5.18,1.0000000000,true,0.7157894737
RZE__to__SZZ_cand_239,0.5,6,11.3,1.3599999999999999,0.3,5.6,1.0000000000,true,0.7157894737
RZE__to__SZZ_cand_240,0.5,6,11.3,1.63,0.3,2.24,1.0000000000,true,1.0000000000
RZE__to__SZZ_cand_241,0.5,6,11.3,1.63,0.3,2.66,1.0000000000,true,1.0000000000
RZE__to__SZZ_cand_242,0.5,6,11.3,1.63,0.3,3.08,1.0000000000,true,1.0000000000
RZE__to__SZZ_cand_243,0.5,6,11.3,1.63,0.3,3.5,1.0000000000,true,1.0000000000
RZE__to__SZZ_cand_244,0.5,6,11.3,1.63,0.3,3.92,1.0000000000,true,0.9191729323
RZE__to__SZZ_cand_245,0.5,6,11.3,1.63,0.3,4.2,1.0000000000,true,0.8578947368
RZE__to__SZZ_cand_246,0.5,6,11.3,1.63,0.3,4.34,1.0000000000,true,0.8578947368
RZE__to__SZZ_cand_247,0.5,6,11.3,1.63,0.3,4.76,1.0000000000,true,0.8578947368
RZE__to__SZZ_cand_248,0.5,6,11.3,1.63,0.3,5.18,1.0000000000,true,0.8578947368
RZE__to__SZZ_cand_249,0.5,6,11.3,1.63,0.3,5.6,1.0000000000,true,0.8578947368
RZE__to__SZZ_cand_250,0.5,6,11.3,1.9,0.3,2.24,1.0000000000,true,1.0000000000
RZE__to__SZZ_cand_251,0.5,6,11.3,1.9,0.3,2.66,1.0000000000,true,1.0000000000
RZE__to__SZZ_cand_252,0.5,6,11.3,1.9,0.3,3.08,1.0000000000,true,1.0000000000
RZE__to__SZZ_cand_253,0.5,6,11.3,1.9,0.3,3.5,1.0000000000,true,1.0000000000
RZE__to__SZZ_cand_254,0.5,6,11.3,1.9,0.3,3.92,1.0000000000,true,1.0000000000
RZE__to__SZZ_cand_255,0.5,6,11.3,1.9,0.3,4.2,1.0000000000,true,1.0000000000
RZE__to__SZZ_cand_256,0.5,6,11.3,1.9,0.3,4.34,1.0000000000,true,1.0000000000
RZE__to__SZZ_cand_257,0.5,6,11.3,1.9,0.3,4.76,1.0000000000,true,1.0000000000
RZE__to__SZZ_cand_258,0.5,6,11.3,1.9,0.3,5.18,1.0000000000,true,1.0000000000
RZE__to__SZZ_cand_259,0.5,6,11.3,1.9,0.3,5.6,1.0000000000,true,1.0000000000
RZE__to__SZZ_cand_260,0.5,6,11.3,2.17,0.3,2.24,1.0000000000,true,1.0000000000
RZE__to__SZZ_cand_261,0.5,6,11.3,2.17,0.3,2.66,1.0000000000,true,1.0000000000
RZE__to__SZZ_cand_262,0.5,6,11.3,2.17,0.3,3.08,1.0000000000,true,1.0000000000
RZE__to__SZZ_cand_263,0.5,6,11.3,2.17,0.3,3.5,1.0000000000,true,1.0000000000
RZE__to__SZZ_cand_264,0.5,6,11.3,2.17,0.3,3.92,1.0000000000,true,1.0000000000
RZE__to__SZZ_cand_265,0.5,6,11.3,2.17,0.3,4.2,1.0000000000,true,1.0000000000
RZE__to__SZZ_cand_266,0.5,6,11.3,2.17,0.3,4.34,1.0000000000,true,1.0000000000
RZE__to__SZZ_cand_267,0.5,6,11.3,2.17,0.3,4.76,1.0000000000,true,1.0000000000
RZE__to__SZZ_cand_268,0.5,6,11.3,2.17,0.3,5.18,1.0000000000,true,1.0000000000
RZE__to__SZZ_cand_269,0.5,6,11.3,2.17,0.3,5.6,1.0000000000,true,1.0000000000
RZE__to__SZZ_cand_270,0.5,6,11.3,2.44,0.3,2.24,1.0000000000,true,1.0000000000
RZE__to__SZZ_cand_271,0.5,6,11.3,2.44,0.3,2.66,1.0000000000,true,1.0000000000
RZE__to__SZZ_cand_272,0.5,6,11.3,2.44,0.3,3.08,1.0000000000,true,1.0000000000
RZE__to__SZZ_cand_273,0.5,6,11.3,2.44,0.3,3.5,1.0000000000,true,1.0000000000
RZE__to__SZZ_cand_274,0.5,6,11.3,2.44,0.3,3.92,1.0000000000,true,1.0000000000
RZE__to__SZZ_cand_275,0.5,6,11.3,2.44,0.3,4.2,1.0000000000,true,1.0000000000
RZE__to__SZZ_cand_276,0.5,6,11.3,2.44,0.3,4.34,1.0000000000,true,1.0000000000
RZE__to__SZZ_cand_277,0.5,6,11.3,2.44,0.3,4.76,1.0000000000,true,1.0000000000
RZE__to__SZZ_cand_278,0.5,6,11.3,2.44,0.3,5.18,1.0000000000,true,1.0000000000
RZE__to__SZZ_cand_279,0.5,6,11.3,2.44,0.3,5.6,1.0000000000,true,1.0000000000
RZE__to__SZZ_cand_280,0.5,6,11.3,2.7,0.3,2.24,1.0000000000,true,1.0000000000
RZE__to__SZZ_cand_281,0.5,6,11.3,2.7,0.3,2.66,1.0000000000,true,1.0000000000
RZE__to__SZZ_cand_282,0.5,6,11.3,2.7,0.3,3.08,1.0000000000,true,1.0000000000
RZE__to__SZZ_cand_283,0.5,6,11.3,2.7,0.3,3.5,1.0000000000,true,1.0000000000
RZE__to__SZZ_cand_284,0.5,6,11.3,2.7,0.3,3.92,1.0000000000,true,1.0000000000
RZE__to__SZZ_cand_285,0.5,6,11.3,2.7,0.3,4.2,1.0000000000,true,1.0000000000
RZE__to__SZZ_cand_286,0.5,6,11.3,2.7,0.3,4.34,1.0000000000,true,1.0000000000
RZE__to__SZZ_cand_287,0.5,6,11.3,2.7,0.3,4.76,1.0000000000,true,1.0000000000
RZE__to__SZZ_cand_288,0.5,6,11.3,2.7,0.3,5.18,1.0000000000,true,1.0000000000
RZE__to__SZZ_cand_289,0.5,6,11.3,2.7,0.3,5.6,1.0000000000,true,1.0000000000
RZE__to__SZZ_cand_290,0.5,6,11.3,2.71,0.3,2.24,1.0000000000,true,1.0000000000
RZE__to__SZZ_cand_291,0.5,6,11.3,2.71,0.3,2.66,1.0000000000,true,1.0000000000
RZE__to__SZZ_cand_292,0.5,6,11.3,2.71,0.3,3.08,1.0000000000,true,1.0000000000
RZE__to__SZZ_cand_293,0.5,6,11.3,2.71,0.3,3.5,1.0000000000,true,1.0000000000
RZE__to__SZZ_cand_294,0.5,6,11.3,2.71,0.3,3.92,1.0000000000,true,1.0000000000
RZE__to__SZZ_cand_295,0.5,6,11.3,2.71,0.3,4.2,1.0000000000,true,1.0000000000
RZE__to__SZZ_cand_296,0.5,6,11.3,2.71,0.3,4.34,1.0000000000,true,1.0000000000
RZE__to__SZZ_cand_297,0.5,6,11.3,2.71,0.3,4.76,1.0000000000,true,1.0000000000
RZE__to__SZZ_cand_298,0.5,6,11.3,2.71,0.3,5.18,1.0000000000,true,1.0000000000
RZE__to__SZZ_cand_299,0.5,6,11.3,2.71,0.3,5.6,1.0000000000,true,1.0000000000
RZE__to__SZZ_cand_300,0.5,6,11.3,2.98,0.3,2.24,1.0000000000,true,1.0000000000
RZE__to__SZZ_cand_301,0.5,6,11.3,2.98,0.3,2.66,1.0000000000,true,1.0000000000
RZE__to__SZZ_cand_302,0.5,6,11.3,2.98,0.3,3.08,1.0000000000,true,1.0000000000
RZE__to__SZZ_cand_303,0.5,6,11.3,2.98,0.3,3.5,1.0000000000,true,1.0000000000
RZE__to__SZZ_cand_304,0.5,6,11.3,2.98,0.3,3.92,1.0000000000,true,1.0000000000
RZE__to__SZZ_cand_305,0.5,6,11.3,2.98,0.3,4.2,1.0000000000,true,1.0000000000
RZE__to__SZZ_cand_306,0.5,6,11.3,2.98,0.3,4.34,1.0000000000,true,1.0000000000
RZE__to__SZZ_cand_307,0.5,6,11.3,2.98,0.3,4.76,1.0000000000,true,1.0000000000
RZE__to__SZZ_cand_308,0.5,6,11.3,2.98,0.3,5.18,1.0000000000,true,1.0000000000
RZE__to__SZZ_cand_309,0.5,6,11.3,2.98,0.3,5.6,1.0000000000,true,1.0000000000
RZE__to__SZZ_cand_310,0.5,6,11.3,3.25,0.3,2.24,1.0000000000,true,1.0000000000
RZE__to__SZZ_cand_311,0.5,6,11.3,3.25,0.3,2.66,1.0000000000,true,1.0000000000
RZE__to__SZZ_cand_312,0.5,6,11.3,3.25,0.3,3.08,1.0000000000,true,1.0000000000
RZE__to__SZZ_cand_313,0.5,6,11.3,3.25,0.3,3.5,1.0000000000,true,1.0000000000
RZE__to__SZZ_cand_314,0.5,6,11.3,3.25,0.3,3.92,1.0000000000,true,1.0000000000
RZE__to__SZZ_cand_315,0.5,6,11.3,3.25,0.3,4.2,1.0000000000,true,1.0000000000
RZE__to__SZZ_cand_316,0.5,6,11.3,3.25,0.3,4.34,1.0000000000,true,1.0000000000
RZE__to__SZZ_cand_317,0.5,6,11.3,3.25,0.3,4.76,1.0000000000,true,1.0000000000
RZE__to__SZZ_cand_318,0.5,6,11.3,3.25,0.3,5.18,1.0000000000,true,1.0000000000
RZE__to__SZZ_cand_319,0.5,6,11.3,3.25,0.3,5.6,1.0000000000,true,1.0000000000
RZE__to__SZZ_cand_320,0.5,6,11.3,3.52,0.3,2.24,1.0000000000,true,1.0000000000
RZE__to__SZZ_cand_321,0.5,6,11.3,3.52,0.3,2.66,1.0000000000,true,1.0000000000
RZE__to__SZZ_cand_322,0.5,6,11.3,3.52,0.3,3.08,1.0000000000,true,1.0000000000
RZE__to__SZZ_cand_323,0.5,6,11.3,3.52,0.3,3.5,1.0000000000,true,1.0000000000
RZE__to__SZZ_cand_324,0.5,6,11.3,3.52,0.3,3.92,1.0000000000,true,1.0000000000
RZE__to__SZZ_cand_325,0.5,6,11.3,3.52,0.3,4.2,1.0000000000,true,1.0000000000
RZE__to__SZZ_cand_326,0.5,6,11.3,3.52,0.3,4.34,1.0000000000,true,1.0000000000
RZE__to__SZZ_cand_327,0.5,6,11.3,3.52,0.3,4.76,1.0000000000,true,1.0000000000
RZE__to__SZZ_cand_328,0.5,6,11.3,3.52,0.3,5.18,1.0000000000,true,1.0000000000
RZE__to__SZZ_cand_329,0.5,6,11.3,3.52,0.3,5.6,1.0000000000,true,1.0000000000
RZE__to__SZZ_cand_330,0.6,6,11.3,1.0899999999999999,0.3,2.24,1.0000000000,true,1.0000000000
RZE__to__SZZ_cand_331,0.6,6,11.3,1.0899999999999999,0.3,2.66,1.0000000000,true,1.0000000000
RZE__to__SZZ_cand_332,0.6,6,11.3,1.0899999999999999,0.3,3.08,1.0000000000,true,1.0000000000
RZE__to__SZZ_cand_333,0.6,6,11.3,1.0899999999999999,0.3,3.5,1.0000000000,true,1.0000000000
RZE__to__SZZ_cand_334,0.6,6,11.3,1.0899999999999999,0.3,3.92,1.0000000000,true,0.9183673469
RZE__to__SZZ_cand_335,0.6,6,11.3,1.0899999999999999,0.3,4.2,1.0000000000,true,0.8571428571
RZE__to__SZZ_cand_336,0.6,6,11.3,1.0899999999999999,0.3,4.34,1.0000000000,true,0.8571428571
RZE__to__SZZ_cand_337,0.6,6,11.3,1.0899999999999999,0.3,4.76,1.0000000000,true,0.8571428571
RZE__to__SZZ_cand_338,0.6,6,11.3,1.0899999999999999,0.3,5.18,1.0000000000,true,0.8571428571
RZE__to__SZZ_cand_339,0.6,6,11.3,1.0899999999999999,0.3,5.6,1.0000000000,true,0.8571428571
RZE__to__SZZ_cand_340,0.6,6,11.3,1.3599999999999999,0.3,2.24,1.0000000000,true,1.0000000000
RZE__to__SZZ_cand_341,0.6,6,11.3,1.3599999999999999,0.3,2.66,1.0000000000,true,1.0000000000
RZE__to__SZZ_cand_342,0.6,6,11.3,1.3599999999999999,0.3,3.08,1.0000000000,true,1.0000000000
RZE__to__SZZ_cand_343,0.6,6,11.3,1.3599999999999999,0.3,3.5,1.0000000000,true,1.0000000000
RZE__to__SZZ_cand_344,0.6,6,11.3,1.3599999999999999,0.3,3.92,1.0000000000,true,0.9183673469
RZE__to__SZZ_cand_345,0.6,6,11.3,1.3599999999999999,0.3,4.2,1.0000000000,true,0.8571428571
RZE__to__SZZ_cand_346,0.6,6,11.3,1.3599999999999999,0.3,4.34,1.0000000000,true,0.8571428571
RZE__to__SZZ_cand_347,0.6,6,11.3,1.3599999999999999,0.3,4.76,1.0000000000,true,0.8571428571
RZE__to__SZZ_cand_348,0.6,6,11.3,1.3599999999999999,0.3,5.18,1.0000000000,true,0.8571428571
RZE__to__SZZ_cand_349,0.6,6,11.3,1.3599999999999999,0.3,5.6,1.0000000000,true,0.8571428571
RZE__to__SZZ_cand_350,0.6,6,11.3,1.63,0.3,2.24,1.0000000000,true,1.0000000000
RZE__to__SZZ_cand_351,0.6,6,11.3,1.63,0.3,2.66,1.0000000000,true,1.0000000000
RZE__to__SZZ_cand_352,0.6,6,11.3,1.63,0.3,3.08,1.0000000000,true,1.0000000000
RZE__to__SZZ_cand_353,0.6,6,11.3,1.63,0.3,3.5,1.0000000000,true,1.0000000000
RZE__to__SZZ_cand_354,0.6,6,11.3,1.63,0.3,3.92,1.0000000000,true,0.9191729323
RZE__to__SZZ_cand_355,0.6,6,11.3,1.63,0.3,4.2,1.0000000000,true,0.8578947368
RZE__to__SZZ_cand_356,0.6,6,11.3,1.63,0.3,4.34,1.0000000000,true,0.8578947368
RZE__to__SZZ_cand_357,0.6,6,11.3,1.63,0.3,4.76,1.0000000000,true,0.8578947368
RZE__to__SZZ_cand_358,0.6,6,11.3,1.63,0.3,5.18,1.0000000000,true,0.8578947368
RZE__to__SZZ_cand_359,0.6,6,11.3,1.63,0.3,5.6,1.0000000000,true,0.8578947368
RZE__to__SZZ_cand_360,0.6,6,11.3,1.9,0.3,2.24,1.0000000000,true,1.0000000000
RZE__to__SZZ_cand_361,0.6,6,11.3,1.9,0.3,2.66,1.0000000000,true,1.0000000000
RZE__to__SZZ_cand_362,0.6,6,11.3,1.9,0.3,3.08,1.0000000000,true,1.0000000000
RZE__to__SZZ_cand_363,0.6,6,11.3,1.9,0.3,3.5,1.0000000000,true,1.0000000000
RZE__to__SZZ_cand_364,0.6,6,11.3,1.9,0.3,3.92,1.0000000000,true,1.0000000000
RZE__to__SZZ_cand_365,0.6,6,11.3,1.9,0.3,4.2,1.0000000000,true,1.0000000000
RZE__to__SZZ_cand_366,0.6,6,11.3,1.9,0.3,4.34,1.0000000000,true,1.0000000000
RZE__to__SZZ_cand_367,0.6,6,11.3,1.9,0.3,4.76,1.0000000000,true,1.0000000000
RZE__to__SZZ_cand_368,0.6,6,11.3,1.9,0.3,5.18,1.0000000000,true,1.0000000000
RZE__to__SZZ_cand_369,0.6,6,11.3,1.9,0.3,5.6,1.0000000000,true,1.0000000000
RZE__to__SZZ_cand_370,0.6,6,11.3,2.17,0.3,2.24,1.0000000000,true,1.0000000000
RZE__to__SZZ_cand_371,0.6,6,11.3,2.17,0.3,2.66,1.0000000000,true,1.0000000000
RZE__to__SZZ_cand_372,0.6,6,11.3,2.17,0.3,3.08,1.0000000000,true,1.0000000000
RZE__to__SZZ_cand_373,0.6,6,11.3,2.17,0.3,3.5,1.0000000000,true,1.0000000000
RZE__to__SZZ_cand_374,0.6,6,11.3,2.17,0.3,3.92,1.0000000000,true,1.0000000000
RZE__to__SZZ_cand_375,0.6,6,11.3,2.17,0.3,4.2,1.0000000000,true,1.0000000000
RZE__to__SZZ_cand_376,0.6,6,11.3,2.17,0.3,4.34,1.0000000000,true,1.0000000000
RZE__to__SZZ_cand_377,0.6,6,11.3,2.17,0.3,4.76,1.0000000000,true,1.0000000000
RZE__to__SZZ_cand_378,0.6,6,11.3,2.17,0.3,5.18,1.0000000000,true,1.0000000000
RZE__to__SZZ_cand_379,0.6,6,11.3,2.17,0.3,5.6,1.0000000000,true,1.0000000000
RZE__to__SZZ_cand_380,0.6,6,11.3,2.44,0.3,2.24,1.0000000000,true,1.0000000000
RZE__to__SZZ_cand_381,0.6,6,11.3,2.44,0.3,2.66,1.0000000000,true,1.0000000000
RZE__to__SZZ_cand_382,0.6,6,11.3,2.44,0.3,3.08,1.0000000000,true,1.0000000000
RZE__to__SZZ_cand_383,0.6,6,11.3,2.44,0.3,3.5,1.0000000000,true,1.0000000000
RZE__to__SZZ_cand_384,0.6,6,11.3,2.44,0.3,3.92,1.0000000000,true,1.0000000000
RZE__to__SZZ_cand_385,0.6,6,11.3,2.44,0.3,4.2,1.0000000000,true,1.0000000000
RZE__to__SZZ_cand_386,0.6,6,11.3,2.44,0.3,4.34,1.0000000000,true,1.0000000000
RZE__to__SZZ_cand_387,0.6,6,11.3,2.44,0.3,4.76,1.0000000000,true,1.0000000000
RZE__to__SZZ_cand_388,0.6,6,11.3,2.44,0.3,5.18,1.0000000000,true,1.0000000000
RZE__to__SZZ_cand_389,0.6,6,11.3,2.44,0.3,5.6,1.0000000000,true,1.0000000000
RZE__to__SZZ_cand_390,0.6,6,11.3,2.7,0.3,2.24,1.0000000000,true,1.0000000000
RZE__to__SZZ_cand_391,0.6,6,11.3,2.7,0.3,2.66,1.0000000000,true,1.0000000000
RZE__to__SZZ_cand_392,0.6,6,11.3,2.7,0.3,3.08,1.0000000000,true,1.0000000000
RZE__to__SZZ_cand_393,0.6,6,11.3,2.7,0.3,3.5,1.0000000000,true,1.0000000000
RZE__to__SZZ_cand_394,0.6,6,11.3,2.7,0.3,3.92,1.0000000000,true,1.0000000000
RZE__to__SZZ_cand_395,0.6,6,11.3,2.7,0.3,4.2,1.0000000000,true,1.0000000000
RZE__to__SZZ_cand_396,0.6,6,11.3,2.7,0.3,4.34,1.0000000000,true,1.0000000000
RZE__to__SZZ_cand_397,0.6,6,11.3,2.7,0.3,4.76,1.0000000000,true,1.0000000000
RZE__to__SZZ_cand_398,0.6,6,11.3,2.7,0.3,5.18,1.0000000000,true,1.0000000000
RZE__to__SZZ_cand_399,0.6,6,11.3,2.7,0.3,5.6,1.0000000000,true,1.0000000000
RZE__to__SZZ_cand_400,0.6,6,11.3,2.71,0.3,2.24,1.0000000000,true,1.0000000000
RZE__to__SZZ_cand_401,0.6,6,11.3,2.71,0.3,2.66,1.0000000000,true,1.0000000000
RZE__to__SZZ_cand_402,0.6,6,11.3,2.71,0.3,3.08,1.0000000000,true,1.0000000000
RZE__to__SZZ_cand_403,0.6,6,11.3,2.71,0.3,3.5,1.0000000000,true,1.0000000000
RZE__to__SZZ_cand_404,0.6,6,11.3,2.71,0.3,3.92,1.0000000000,true,1.0000000000
RZE__to__SZZ_cand_405,0.6,6,11.3,2.71,0.3,4.2,1.0000000000,true,1.0000000000
RZE__to__SZZ_cand_406,0.6,6,11.3,2.71,0.3,4.34,1.0000000000,true,1.0000000000
RZE__to__SZZ_cand_407,0.6,6,11.3,2.71,0.3,4.76,1.0000000000,true,1.0000000000
RZE__to__SZZ_cand_408,0.6,6,11.3,2.71,0.3,5.18,1.0000000000,true,1.0000000000
RZE__to__SZZ_cand_409,0.6,6,11.3,2.71,0.3,5.6,1.0000000000,true,1.0000000000
RZE__to__SZZ_cand_410,0.6,6,11.3,2.98,0.3,2.24,1.0000000000,true,1.0000000000
RZE__to__SZZ_cand_411,0.6,6,11.3,2.98,0.3,2.66,1.0000000000,true,1.0000000000
RZE__to__SZZ_cand_412,0.6,6,11.3,2.98,0.3,3.08,1.0000000000,true,1.0000000000
RZE__to__SZZ_cand_413,0.6,6,11.3,2.98,0.3,3.5,1.0000000000,true,1.0000000000
RZE__to__SZZ_cand_414,0.6,6,11.3,2.98,0.3,3.92,1.0000000000,true,1.0000000000
RZE__to__SZZ_cand_415,0.6,6,11.3,2.98,0.3,4.2,1.0000000000,true,1.0000000000
RZE__to__SZZ_cand_416,0.6,6,11.3,2.98,0.3,4.34,1.0000000000,true,1.0000000000
RZE__to__SZZ_cand_417,0.6,6,11.3,2.98,0.3,4.76,1.0000000000,true,1.0000000000
RZE__to__SZZ_cand_418,0.6,6,11.3,2.98,0.3,5.18,1.0000000000,true,1.0000000000
RZE__to__SZZ_cand_419,0.6,6,11.3,2.98,0.3,5.6,1.0000000000,true,1.0000000000
RZE__to__SZZ_cand_420,0.6,6,11.3,3.25,0.3,2.24,1.0000000000,true,1.0000000000
RZE__to__SZZ_cand_421,0.6,6,11.3,3.25,0.3,2.66,1.0000000000,true,1.0000000000
RZE__to__SZZ_cand_422,0.6,6,11.3,3.25,0.3,3.08,1.0000000000,true,1.0000000000
RZE__to__SZZ_cand_423,0.6,6,11.3,3.25,0.3,3.5,1.0000000000,true,1.0000000000
RZE__to__SZZ_cand_424,0.6,6,11.3,3.25,0.3,3.92,1.0000000000,true,1.0000000000
RZE__to__SZZ_cand_425,0.6,6,11.3,3.25,0.3,4.2,1.0000000000,true,1.0000000000
RZE__to__SZZ_cand_426,0.6,6,11.3,3.25,0.3,4.34,1.0000000000,true,1.0000000000
RZE__to__SZZ_cand_427,0.6,6,11.3,3.25,0.3,4.76,1.0000000000,true,1.0000000000
RZE__to__SZZ_cand_428,0.6,6,11.3,3.25,0.3,5.18,1.0000000000,true,1.0000000000
RZE__to__SZZ_cand_429,0.6,6,11.3,3.25,0.3,5.6,1.0000000000,true,1.0000000000
RZE__to__SZZ_cand_430,0.6,6,11.3,3.52,0.3,2.24,1.0000000000,true,1.0000000000
RZE__to__SZZ_cand_431,0.6,6,11.3,3.52,0.3,2.66,1.0000000000,true,1.0000000000
RZE__to__SZZ_cand_432,0.6,6,11.3,3.52,0.3,3.08,1.0000000000,true,1.0000000000
RZE__to__SZZ_cand_433,0.6,6,11.3,3.52,0.3,3.5,1.0000000000,true,1.0000000000
RZE__to__SZZ_cand_434,0.6,6,11.3,3.52,0.3,3.92,1.0000000000,true,1.0000000000
RZE__to__SZZ_cand_435,0.6,6,11.3,3.52,0.3,4.2,1.0000000000,true,1.0000000000
RZE__to__SZZ_cand_436,0.6,6,11.3,3.52,0.3,4.34,1.0000000000,true,1.0000000000
RZE__to__SZZ_cand_437,0.6,6,11.3,3.52,0.3,4.76,1.0000000000,true,1.0000000000
RZE__to__SZZ_cand_438,0.6,6,11.3,3.52,0.3,5.18,1.0000000000,true,1.0000000000
RZE__to__SZZ_cand_439,0.6,6,11.3,3.52,0.3,5.6,1.0000000000,true,1.0000000000
RZE__to__SZZ_cand_440,0.6000000000000001,6,11.3,1.0899999999999999,0.3,2.24,1.0000000000,true,1.0000000000
RZE__to__SZZ_cand_441,0.6000000000000001,6,11.3,1.0899999999999999,0.3,2.66,1.0000000000,true,1.0000000000
RZE__to__SZZ_cand_442,0.6000000000000001,6,11.3,1.0899999999999999,0.3,3.08,1.0000000000,true,1.0000000000
RZE__to__SZZ_cand_443,0.6000000000000001,6,11.3,1.0899999999999999,0.3,3.5,1.0000000000,true,1.0000000000
RZE__to__SZZ_cand_444,0.6000000000000001,6,11.3,1.0899999999999999,0.3,3.92,1.0000000000,true,0.9183673469
RZE__to__SZZ_cand_445,0.6000000000000001,6,11.3,1.0899999999999999,0.3,4.2,1.0000000000,true,0.8571428571
RZE__to__SZZ_cand_446,0.6000000000000001,6,11.3,1.0899999999999999,0.3,4.34,1.0000000000,true,0.8571428571
RZE__to__SZZ_cand_447,0.6000000000000001,6,11.3,1.0899999999999999,0.3,4.76,1.0000000000,true,0.8571428571
RZE__to__SZZ_cand_448,0.6000000000000001,6,11.3,1.0899999999999999,0.3,5.18,1.0000000000,true,0.8571428571
RZE__to__SZZ_cand_449,0.6000000000000001,6,11.3,1.0899999999999999,0.3,5.6,1.0000000000,true,0.8571428571
RZE__to__SZZ_cand_450,0.6000000000000001,6,11.3,1.3599999999999999,0.3,2.24,1.0000000000,true,1.0000000000
RZE__to__SZZ_cand_451,0.6000000000000001,6,11.3,1.3599999999999999,0.3,2.66,1.0000000000,true,1.0000000000
RZE__to__SZZ_cand_452,0.6000000000000001,6,11.3,1.3599999999999999,0.3,3.08,1.0000000000,true,1.0000000000
RZE__to__SZZ_cand_453,0.6000000000000001,6,11.3,1.3599999999999999,0.3,3.5,1.0000000000,true,1.0000000000
RZE__to__SZZ_cand_454,0.6000000000000001,6,11.3,1.3599999999999999,0.3,3.92,1.0000000000,true,0.9183673469
RZE__to__SZZ_cand_455,0.6000000000000001,6,11.3,1.3599999999999999,0.3,4.2,1.0000000000,true,0.8571428571
RZE__to__SZZ_cand_456,0.6000000000000001,6,11.3,1.3599999999999999,0.3,4.34,1.0000000000,true,0.8571428571
RZE__to__SZZ_cand_457,0.6000000000000001,6,11.3,1.3599999999999999,0.3,4.76,1.0000000000,true,0.8571428571
RZE__to__SZZ_cand_458,0.6000000000000001,6,11.3,1.3599999999999999,0.3,5.18,1.0000000000,true,0.8571428571
RZE__to__SZZ_cand_459,0.6000000000000001,6,11.3,1.3599999999999999,0.3,5.6,1.0000000000,true,0.8571428571
RZE__to__SZZ_cand_460,0.6000000000000001,6,11.3,1.63,0.3,2.24,1.0000000000,true,1.0000000000
RZE__to__SZZ_cand_461,0.6000000000000001,6,11.3,1.63,0.3,2.66,1.0000000000,true,1.0000000000
RZE__to__SZZ_cand_462,0.6000000000000001,6,11.3,1.63,0.3,3.08,1.0000000000,true,1.0000000000
RZE__to__SZZ_cand_463,0.6000000000000001,6,11.3,1.63,0.3,3.5,1.0000000000,true,1.0000000000
RZE__to__SZZ_cand_464,0.6000000000000001,6,11.3,1.63,0.3,3.92,1.0000000000,true,0.9191729323
RZE__to__SZZ_cand_465,0.6000000000000001,6,11.3,1.63,0.3,4.2,1.0000000000,true,0.8578947368
RZE__to__SZZ_cand_466,0.6000000000000001,6,11.3,1.63,0.3,4.34,1.0000000000,true,0.8578947368
RZE__to__SZZ_cand_467,0.6000000000000001,6,11.3,1.63,0.3,4.76,1.0000000000,true,0.8578947368
RZE__to__SZZ_cand_468,0.6000000000000001,6,11.3,1.63,0.3,5.18,1.0000000000,true,0.8578947368
RZE__to__SZZ_cand_469,0.6000000000000001,6,11.3,1.63,0.3,5.6,1.0000000000,true,0.8578947368
RZE__to__SZZ_cand_470,0.6000000000000001,6,11.3,1.9,0.3,2.24,1.0000000000,true,1.0000000000
RZE__to__SZZ_cand_471,0.6000000000000001,6,11.3,1.9,0.3,2.66,1.0000000000,true,1.0000000000
RZE__to__SZZ_cand_472,0.6000000000000001,6,11.3,1.9,0.3,3.08,1.0000000000,true,1.0000000000
RZE__to__SZZ_cand_473,0.6000000000000001,6,11.3,1.9,0.3,3.5,1.0000000000,true,1.0000000000
RZE__to__SZZ_cand_474,0.6000000000000001,6,11.3,1.9,0.3,3.92,1.0000000000,true,1.0000000000
RZE__to__SZZ_cand_475,0.6000000000000001,6,11.3,1.9,0.3,4.2,1.0000000000,true,1.0000000000
RZE__to__SZZ_cand_476,0.6000000000000001,6,11.3,1.9,0.3,4.34,1.0000000000,true,1.0000000000
RZE__to__SZZ_cand_477,0.6000000000000001,6,11.3,1.9,0.3,4.76,1.0000000000,true,1.0000000000
RZE__to__SZZ_cand_478,0.6000000000000001,6,11.3,1.9,0.3,5.18,1.0000000000,true,1.0000000000
RZE__to__SZZ_cand_479,0.6000000000000001,6,11.3,1.9,0.3,5.6,1.0000000000,true,1.0000000000
RZE__to__SZZ_cand_480,0.6000000000000001,6,11.3,2.17,0.3,2.24,1.0000000000,true,1.0000000000
RZE__to__SZZ_cand_481,0.6000000000000001,6,11.3,2.17,0.3,2.66,1.0000000000,true,1.0000000000
RZE__to__SZZ_cand_482,0.6000000000000001,6,11.3,2.17,0.3,3.08,1.0000000000,true,1.0000000000
RZE__to__SZZ_cand_483,0.6000000000000001,6,11.3,2.17,0.3,3.5,1.0000000000,true,1.0000000000
RZE__to__SZZ_cand_484,0.6000000000000001,6,11.3,2.17,0.3,3.92,1.0000000000,true,1.0000000000
RZE__to__SZZ_cand_485,0.6000000000000001,6,11.3,2.17,0.3,4.2,1.0000000000,true,1.0000000000
RZE__to__SZZ_cand_486,0.6000000000000001,6,11.3,2.17,0.3,4.34,1.0000000000,true,1.0000000000
RZE__to__SZZ_cand_487,0.6000000000000001,6,11.3,2.17,0.3,4.76,1.0000000000,true,1.0000000000
RZE__to__SZZ_cand_488,0.6000000000000001,6,11.3,2.17,0.3,5.18,1.0000000000,true,1.0000000000
RZE__to__SZZ_cand_489,0.6000000000000001,6,11.3,2.17,0.3,5.6,1.0000000000,true,1.0000000000
RZE__to__SZZ_cand_490,0.6000000000000001,6,11.3,2.44,0.3,2.24,1.0000000000,true,1.0000000000
RZE__to__SZZ_cand_491,0.6000000000000001,6,11.3,2.44,0.3,2.66,1.0000000000,true,1.0000000000
RZE__to__SZZ_cand_492,0.6000000000000001,6,11.3,2.44,0.3,3.08,1.0000000000,true,1.0000000000
RZE__to__SZZ_cand_493,0.6000000000000001,6,11.3,2.44,0.3,3.5,1.0000000000,true,1.0000000000
RZE__to__SZZ_cand_494,0.6000000000000001,6,11.3,2.44,0.3,3.92,1.0000000000,true,1.0000000000
RZE__to__SZZ_cand_495,0.6000000000000001,6,11.3,2.44,0.3,4.2,1.0000000000,true,1.0000000000
RZE__to__SZZ_cand_496,0.6000000000000001,6,11.3,2.44,0.3,4.34,1.0000000000,true,1.0000000000
RZE__to__SZZ_cand_497,0.6000000000000001,6,11.3,2.44,0.3,4.76,1.0000000000,true,1.0000000000
RZE__to__SZZ_cand_498,0.6000000000000001,6,11.3,2.44,0.3,5.18,1.0000000000,true,1.0000000000
RZE__to__SZZ_cand_499,0.6000000000000001,6,11.3,2.44,0.3,5.6,1.0000000000,true,1.0000000000
RZE__to__SZZ_cand_500,0.6000000000000001,6,11.3,2.7,0.3,2.24,1.0000000000,true,1.0000000000
RZE__to__SZZ_cand_501,0.6000000000000001,6,11.3,2.7,0.3,2.66,1.0000000000,true,1.0000000000
RZE__to__SZZ_cand_502,0.6000000000000001,6,11.3,2.7,0.3,3.08,1.0000000000,true,1.0000000000
RZE__to__SZZ_cand_503,0.6000000000000001,6,11.3,2.7,0.3,3.5,1.0000000000,true,1.0000000000
RZE__to__SZZ_cand_504,0.6000000000000001,6,11.3,2.7,0.3,3.92,1.0000000000,true,1.0000000000
RZE__to__SZZ_cand_505,0.6000000000000001,6,11.3,2.7,0.3,4.2,1.0000000000,true,1.0000000000
RZE__to__SZZ_cand_506,0.6000000000000001,6,11.3,2.7,0.3,4.34,1.0000000000,true,1.0000000000
RZE__to__SZZ_cand_507,0.6000000000000001,6,11.3,2.7,0.3,4.76,1.0000000000,true,1.0000000000
RZE__to__SZZ_cand_508,0.6000000000000001,6,11.3,2.7,0.3,5.18,1.0000000000,true,1.0000000000
RZE__to__SZZ_cand_509,0.6000000000000001,6,11.3,2.7,0.3,5.6,1.0000000000,true,1.0000000000
RZE__to__SZZ_cand_510,0.6000000000000001,6,11.3,2.71,0.3,2.24,1.0000000000,true,1.0000000000
RZE__to__SZZ_cand_511,0.6000000000000001,6,11.3,2.71,0.3,2.66,1.0000000000,true,1.0000000000
RZE__to__SZZ_cand_512,0.6000000000000001,6,11.3,2.71,0.3,3.08,1.0000000000,true,1.0000000000
RZE__to__SZZ_cand_513,0.6000000000000001,6,11.3,2.71,0.3,3.5,1.0000000000,true,1.0000000000
RZE__to__SZZ_cand_514,0.6000000000000001,6,11.3,2.71,0.3,3.92,1.0000000000,true,1.0000000000
RZE__to__SZZ_cand_515,0.6000000000000001,6,11.3,2.71,0.3,4.2,1.0000000000,true,1.0000000000
RZE__to__SZZ_cand_516,0.6000000000000001,6,11.3,2.71,0.3,4.34,1.0000000000,true,1.0000000000
RZE__to__SZZ_cand_517,0.6000000000000001,6,11.3,2.71,0.3,4.76,1.0000000000,true,1.0000000000
RZE__to__SZZ_cand_518,0.6000000000000001,6,11.3,2.71,0.3,5.18,1.0000000000,true,1.0000000000
RZE__to__SZZ_cand_519,0.6000000000000001,6,11.3,2.71,0.3,5.6,1.0000000000,true,1.0000000000
RZE__to__SZZ_cand_520,0.6000000000000001,6,11.3,2.98,0.3,2.24,1.0000000000,true,1.0000000000
RZE__to__SZZ_cand_521,0.6000000000000001,6,11.3,2.98,0.3,2.66,1.0000000000,true,1.0000000000
RZE__to__SZZ_cand_522,0.6000000000000001,6,11.3,2.98,0.3,3.08,1.0000000000,true,1.0000000000
RZE__to__SZZ_cand_523,0.6000000000000001,6,11.3,2.98,0.3,3.5,1.0000000000,true,1.0000000000
RZE__to__SZZ_cand_524,0.6000000000000001,6,11.3,2.98,0.3,3.92,1.0000000000,true,1.0000000000
RZE__to__SZZ_cand_525,0.6000000000000001,6,11.3,2.98,0.3,4.2,1.0000000000,true,1.0000000000
RZE__to__SZZ_cand_526,0.6000000000000001,6,11.3,2.98,0.3,4.34,1.0000000000,true,1.0000000000
RZE__to__SZZ_cand_527,0.6000000000000001,6,11.3,2.98,0.3,4.76,1.0000000000,true,1.0000000000
RZE__to__SZZ_cand_528,0.6000000000000001,6,11.3,2.98,0.3,5.18,1.0000000000,true,1.0000000000
RZE__to__SZZ_cand_529,0.6000000000000001,6,11.3,2.98,0.3,5.6,1.0000000000,true,1.0000000000
RZE__to__SZZ_cand_530,0.6000000000000001,6,11.3,3.25,0.3,2.24,1.0000000000,true,1.0000000000
RZE__to__SZZ_cand_531,0.6000000000000001,6,11.3,3.25,0.3,2.66,1.0000000000,true,1.0000000000
RZE__to__SZZ_cand_532,0.6000000000000001,6,11.3,3.25,0.3,3.08,1.0000000000,true,1.0000000000
RZE__to__SZZ_cand_533,0.6000000000000001,6,11.3,3.25,0.3,3.5,1.0000000000,true,1.0000000000
RZE__to__SZZ_cand_534,0.6000000000000001,6,11.3,3.25,0.3,3.92,1.0000000000,true,1.0000000000
RZE__to__SZZ_cand_535,0.6000000000000001,6,11.3,3.25,0.3,4.2,1.0000000000,true,1.0000000000
RZE__to__SZZ_cand_536,0.6000000000000001,6,11.3,3.25,0.3,4.34,1.0000000000,true,1.0000000000
RZE__to__SZZ_cand_537,0.6000000000000001,6,11.3,3.25,0.3,4.76,1.0000000000,true,1.0000000000
RZE__to__SZZ_cand_538,0.6000000000000001,6,11.3,3.25,0.3,5.18,1.0000000000,true,1.0000000000
RZE__to__SZZ_cand_539,0.6000000000000001,6,11.3,3.25,0.3,5.6,1.0000000000,true,1.0000000000
RZE__to__SZZ_cand_540,0.6000000000000001,6,11.3,3.52,0.3,2.24,1.0000000000,true,1.0000000000
RZE__to__SZZ_cand_541,0.6000000000000001,6,11.3,3.52,0.3,2.66,1.0000000000,true,1.0000000000
RZE__to__SZZ_cand_542,0.6000000000000001,6,11.3,3.52,0.3,3.08,1.0000000000,true,1.0000000000
RZE__to__SZZ_cand_543,0.6000000000000001,6,11.3,3.52,0.3,3.5,1.0000000000,true,1.0000000000
RZE__to__SZZ_cand_544,0.6000000000000001,6,11.3,3.52,0.3,3.92,1.0000000000,true,1.0000000000
RZE__to__SZZ_cand_545,0.6000000000000001,6,11.3,3.52,0.3,4.2,1.0000000000,true,1.0000000000
RZE__to__SZZ_cand_546,0.6000000000000001,6,11.3,3.52,0.3,4.34,1.0000000000,true,1.0000000000
RZE__to__SZZ_cand_547,0.6000000000000001,6,11.3,3.52,0.3,4.76,1.0000000000,true,1.0000000000
RZE__to__SZZ_cand_548,0.6000000000000001,6,11.3,3.52,0.3,5.18,1.0000000000,true,1.0000000000
RZE__to__SZZ_cand_549,0.6000000000000001,6,11.3,3.52,0.3,5.6,1.0000000000,true,1.0000000000
RZE__to__SZZ_cand_550,0.7,6,11.3,1.0899999999999999,0.3,2.24,1.0000000000,true,1.0000000000
RZE__to__SZZ_cand_551,0.7,6,11.3,1.0899999999999999,0.3,2.66,1.0000000000,true,1.0000000000
RZE__to__SZZ_cand_552,0.7,6,11.3,1.0899999999999999,0.3,3.08,1.0000000000,true,1.0000000000
RZE__to__SZZ_cand_553,0.7,6,11.3,1.0899999999999999,0.3,3.5,1.0000000000,true,1.0000000000
RZE__to__SZZ_cand_554,0.7,6,11.3,1.0899999999999999,0.3,3.92,1.0000000000,true,1.0000000000
RZE__to__SZZ_cand_555,0.7,6,11.3,1.0899999999999999,0.3,4.2,1.0000000000,true,1.0000000000
RZE__to__SZZ_cand_556,0.7,6,11.3,1.0899999999999999,0.3,4.34,1.0000000000,true,1.0000000000
RZE__to__SZZ_cand_557,0.7,6,11.3,1.0899999999999999,0.3,4.76,1.0000000000,true,1.0000000000
RZE__to__SZZ_cand_558,0.7,6,11.3,1.0899999999999999,0.3,5.18,1.0000000000,true,1.0000000000
RZE__to__SZZ_cand_559,0.7,6,11.3,1.0899999999999999,0.3,5.6,1.0000000000,true,1.0000000000
RZE__to__SZZ_cand_560,0.7,6,11.3,1.3599999999999999,0.3,2.24,1.0000000000,true,1.0000000000
RZE__to__SZZ_cand_561,0.7,6,11.3,1.3599999999999999,0.3,2.66,1.0000000000,true,1.0000000000
RZE__to__SZZ_cand_562,0.7,6,11.3,1.3599999999999999,0.3,3.08,1.0000000000,true,1.0000000000
RZE__to__SZZ_cand_563,0.7,6,11.3,1.3599999999999999,0.3,3.5,1.0000000000,true,1.0000000000
RZE__to__SZZ_cand_564,0.7,6,11.3,1.3599999999999999,0.3,3.92,1.0000000000,true,1.0000000000
RZE__to__SZZ_cand_565,0.7,6,11.3,1.3599999999999999,0.3,4.2,1.0000000000,true,1.0000000000
RZE__to__SZZ_cand_566,0.7,6,11.3,1.3599999999999999,0.3,4.34,1.0000000000,true,1.0000000000
RZE__to__SZZ_cand_567,0.7,6,11.3,1.3599999999999999,0.3,4.76,1.0000000000,true,1.0000000000
RZE__to__SZZ_cand_568,0.7,6,11.3,1.3599999999999999,0.3,5.18,1.0000000000,true,1.0000000000
RZE__to__SZZ_cand_569,0.7,6,11.3,1.3599999999999999,0.3,5.6,1.0000000000,true,1.0000000000
RZE__to__SZZ_cand_570,0.7,6,11.3,1.63,0.3,2.24,1.0000000000,true,1.0000000000
RZE__to__SZZ_cand_571,0.7,6,11.3,1.63,0.3,2.66,1.0000000000,true,1.0000000000
RZE__to__SZZ_cand_572,0.7,6,11.3,1.63,0.3,3.08,1.0000000000,true,1.0000000000
RZE__to__SZZ_cand_573,0.7,6,11.3,1.63,0.3,3.5,1.0000000000,true,1.0000000000
RZE__to__SZZ_cand_574,0.7,6,11.3,1.63,0.3,3.92,1.0000000000,true,1.0000000000
RZE__to__SZZ_cand_575,0.7,6,11.3,1.63,0.3,4.2,1.0000000000,true,1.0000000000
RZE__to__SZZ_cand_576,0.7,6,11.3,1.63,0.3,4.34,1.0000000000,true,1.0000000000
RZE__to__SZZ_cand_577,0.7,6,11.3,1.63,0.3,4.76,1.0000000000,true,1.0000000000
RZE__to__SZZ_cand_578,0.7,6,11.3,1.63,0.3,5.18,1.0000000000,true,1.0000000000
RZE__to__SZZ_cand_579,0.7,6,11.3,1.63,0.3,5.6,1.0000000000,true,1.0000000000
RZE__to__SZZ_cand_580,0.7,6,11.3,1.9,0.3,2.24,1.0000000000,true,1.0000000000
RZE__to__SZZ_cand_581,0.7,6,11.3,1.9,0.3,2.66,1.0000000000,true,1.0000000000
RZE__to__SZZ_cand_582,0.7,6,11.3,1.9,0.3,3.08,1.0000000000,true,1.0000000000
RZE__to__SZZ_cand_583,0.7,6,11.3,1.9,0.3,3.5,1.0000000000,true,1.0000000000
RZE__to__SZZ_cand_584,0.7,6,11.3,1.9,0.3,3.92,1.0000000000,true,1.0000000000
RZE__to__SZZ_cand_585,0.7,6,11.3,1.9,0.3,4.2,1.0000000000,true,1.0000000000
RZE__to__SZZ_cand_586,0.7,6,11.3,1.9,0.3,4.34,1.0000000000,true,1.0000000000
RZE__to__SZZ_cand_587,0.7,6,11.3,1.9,0.3,4.76,1.0000000000,true,1.0000000000
RZE__to__SZZ_cand_588,0.7,6,11.3,1.9,0.3,5.18,1.0000000000,true,1.0000000000
RZE__to__SZZ_cand_589,0.7,6,11.3,1.9,0.3,5.6,1.0000000000,true,1.0000000000
RZE__to__SZZ_cand_590,0.7,6,11.3,2.17,0.3,2.24,1.0000000000,true,1.0000000000
RZE__to__SZZ_cand_591,0.7,6,11.3,2.17,0.3,2.66,1.0000000000,true,1.0000000000
RZE__to__SZZ_cand_592,0.7,6,11.3,2.17,0.3,3.08,1.0000000000,true,1.0000000000
RZE__to__SZZ_cand_593,0.7,6,11.3,2.17,0.3,3.5,1.0000000000,true,1.0000000000
RZE__to__SZZ_cand_594,0.7,6,11.3,2.17,0.3,3.92,1.0000000000,true,1.0000000000
RZE__to__SZZ_cand_595,0.7,6,11.3,2.17,0.3,4.2,1.0000000000,true,1.0000000000
RZE__to__SZZ_cand_596,0.7,6,11.3,2.17,0.3,4.34,1.0000000000,true,1.0000000000
RZE__to__SZZ_cand_597,0.7,6,11.3,2.17,0.3,4.76,1.0000000000,true,1.0000000000
RZE__to__SZZ_cand_598,0.7,6,11.3,2.17,0.3,5.18,1.0000000000,true,1.0000000000
RZE__to__SZZ_cand_599,0.7,6,11.3,2.17,0.3,5.6,1.0000000000,true,1.0000000000
RZE__to__SZZ_cand_600,0.7,6,11.3,2.44,0.3,2.24,1.0000000000,true,1.0000000000
RZE__to__SZZ_cand_601,0.7,6,11.3,2.44,0.3,2.66,1.0000000000,true,1.0000000000
RZE__to__SZZ_cand_602,0.7,6,11.3,2.44,0.3,3.08,1.0000000000,true,1.0000000000
RZE__to__SZZ_cand_603,0.7,6,11.3,2.44,0.3,3.5,1.0000000000,true,1.0000000000
RZE__to__SZZ_cand_604,0.7,6,11.3,2.44,0.3,3.92,1.0000000000,true,1.0000000000
RZE__to__SZZ_cand_605,0.7,6,11.3,2.44,0.3,4.2,1.0000000000,true,1.0000000000
RZE__to__SZZ_cand_606,0.7,6,11.3,2.44,0.3,4.34,1.0000000000,true,1.0000000000
RZE__to__SZZ_cand_607,0.7,6,11.3,2.44,0.3,4.76,1.0000000000,true,1.0000000000
RZE__to__SZZ_cand_608,0.7,6,11.3,2.44,0.3,5.18,1.0000000000,true,1.0000000000
RZE__to__SZZ_cand_609,0.7,6,11.3,2.44,0.3,5.6,1.0000000000,true,1.0000000000
RZE__to__SZZ_cand_610,0.7,6,11.3,2.7,0.3,2.24,1.0000000000,true,1.0000000000
RZE__to__SZZ_cand_611,0.7,6,11.3,2.7,0.3,2.66,1.0000000000,true,1.0000000000
RZE__to__SZZ_cand_612,0.7,6,11.3,2.7,0.3,3.08,1.0000000000,true,1.0000000000
RZE__to__SZZ_cand_613,0.7,6,11.3,2.7,0.3,3.5,1.0000000000,true,1.0000000000
RZE__to__SZZ_cand_614,0.7,6,11.3,2.7,0.3,3.92,1.0000000000,true,1.0000000000
RZE__to__SZZ_cand_615,0.7,6,11.3,2.7,0.3,4.2,1.0000000000,true,1.0000000000
RZE__to__SZZ_cand_616,0.7,6,11.3,2.7,0.3,4.34,1.0000000000,true,1.0000000000
RZE__to__SZZ_cand_617,0.7,6,11.3,2.7,0.3,4.76,1.0000000000,true,1.0000000000
RZE__to__SZZ_cand_618,0.7,6,11.3,2.7,0.3,5.18,1.0000000000,true,1.0000000000
RZE__to__SZZ_cand_619,0.7,6,11.3,2.7,0.3,5.6,1.0000000000,true,1.0000000000
RZE__to__SZZ_cand_620,0.7,6,11.3,2.71,0.3,2.24,1.0000000000,true,1.0000000000
RZE__to__SZZ_cand_621,0.7,6,11.3,2.71,0.3,2.66,1.0000000000,true,1.0000000000
RZE__to__SZZ_cand_622,0.7,6,11.3,2.71,0.3,3.08,1.0000000000,true,1.0000000000
RZE__to__SZZ_cand_623,0.7,6,11.3,2.71,0.3,3.5,1.0000000000,true,1.0000000000
RZE__to__SZZ_cand_624,0.7,6,11.3,2.71,0.3,3.92,1.0000000000,true,1.0000000000
RZE__to__SZZ_cand_625,0.7,6,11.3,2.71,0.3,4.2,1.0000000000,true,1.0000000000
RZE__to__SZZ_cand_626,0.7,6,11.3,2.71,0.3,4.34,1.0000000000,true,1.0000000000
RZE__to__SZZ_cand_627,0.7,6,11.3,2.71,0.3,4.76,1.0000000000,true,1.0000000000
RZE__to__SZZ_cand_628,0.7,6,11.3,2.71,0.3,5.18,1.0000000000,true,1.0000000000
RZE__to__SZZ_cand_629,0.7,6,11.3,2.71,0.3,5.6,1.0000000000,true,1.0000000000
RZE__to__SZZ_cand_630,0.7,6,11.3,2.98,0.3,2.24,1.0000000000,true,1.0000000000
RZE__to__SZZ_cand_631,0.7,6,11.3,2.98,0.3,2.66,1.0000000000,true,1.0000000000
RZE__to__SZZ_cand_632,0.7,6,11.3,2.98,0.3,3.08,1.0000000000,true,1.0000000000
RZE__to__SZZ_cand_633,0.7,6,11.3,2.98,0.3,3.5,1.0000000000,true,1.0000000000
RZE__to__SZZ_cand_634,0.7,6,11.3,2.98,0.3,3.92,1.0000000000,true,1.0000000000
RZE__to__SZZ_cand_635,0.7,6,11.3,2.98,0.3,4.2,1.0000000000,true,1.0000000000
RZE__to__SZZ_cand_636,0.7,6,11.3,2.98,0.3,4.34,1.0000000000,true,1.0000000000
RZE__to__SZZ_cand_637,0.7,6,11.3,2.98,0.3,4.76,1.0000000000,true,1.0000000000
RZE__to__SZZ_cand_638,0.7,6,11.3,2.98,0.3,5.18,1.0000000000,true,1.0000000000
RZE__to__SZZ_cand_639,0.7,6,11.3,2.98,0.3,5.6,1.0000000000,true,1.0000000000
RZE__to__SZZ_cand_640,0.7,6,11.3,3.25,0.3,2.24,1.0000000000,true,1.0000000000
RZE__to__SZZ_cand_641,0.7,6,11.3,3.25,0.3,2.66,1.0000000000,true,1.0000000000
RZE__to__SZZ_cand_642,0.7,6,11.3,3.25,0.3,3.08,1.0000000000,true,1.0000000000
RZE__to__SZZ_cand_643,0.7,6,11.3,3.25,0.3,3.5,1.0000000000,true,1.0000000000
RZE__to__SZZ_cand_644,0.7,6,11.3,3.25,0.3,3.92,1.0000000000,true,1.0000000000
RZE__to__SZZ_cand_645,0.7,6,11.3,3.25,0.3,4.2,1.0000000000,true,1.0000000000
RZE__to__SZZ_cand_646,0.7,6,11.3,3.25,0.3,4.34,1.0000000000,true,1.0000000000
RZE__to__SZZ_cand_647,0.7,6,11.3,3.25,0.3,4.76,1.0000000000,true,1.0000000000
RZE__to__SZZ_cand_648,0.7,6,11.3,3.25,0.3,5.18,1.0000000000,true,1.0000000000
RZE__to__SZZ_cand_649,0.7,6,11.3,3.25,0.3,5.6,1.0000000000,true,1.0000000000
RZE__to__SZZ_cand_650,0.7,6,11.3,3.52,0.3,2.24,1.0000000000,true,1.0000000000
RZE__to__SZZ_cand_651,0.7,6,11.3,3.52,0.3,2.66,1.0000000000,true,1.0000000000
RZE__to__SZZ_cand_652,0.7,6,11.3,3.52,0.3,3.08,1.0000000000,true,1.0000000000
RZE__to__SZZ_cand_653,0.7,6,11.3,3.52,0.3,3.5,1.0000000000,true,1.0000000000
RZE__to__SZZ_cand_654,0.7,6,11.3,3.52,0.3,3.92,1.0000000000,true,1.0000000000
RZE__to__SZZ_cand_655,0.7,6,11.3,3.52,0.3,4.2,1.0000000000,true,1.0000000000
RZE__to__SZZ_cand_656,0.7,6,11.3,3.52,0.3,4.34,1.0000000000,true,1.0000000000
RZE__to__SZZ_cand_657,0.7,6,11.3,3.52,0.3,4.76,1.0000000000,true,1.0000000000
RZE__to__SZZ_cand_658,0.7,6,11.3,3.52,0.3,5.18,1.0000000000,true,1.0000000000
RZE__to__SZZ_cand_659,0.7,6,11.3,3.52,0.3,5.6,1.0000000000,true,1.0000000000
RZE__to__SZZ_cand_660,0.7000000000000002,6,11.3,1.0899999999999999,0.3,2.24,1.0000000000,true,1.0000000000
RZE__to__SZZ_cand_661,0.7000000000000002,6,11.3,1.0899999999999999,0.3,2.66,1.0000000000,true,1.0000000000
RZE__to__SZZ_cand_662,0.7000000000000002,6,11.3,1.0899999999999999,0.3,3.08,1.0000000000,true,1.0000000000
RZE__to__SZZ_cand_663,0.7000000000000002,6,11.3,1.0899999999999999,0.3,3.5,1.0000000000,true,1.0000000000
RZE__to__SZZ_cand_664,0.7000000000000002,6,11.3,1.0899999999999999,0.3,3.92,1.0000000000,true,1.0000000000
RZE__to__SZZ_cand_665,0.7000000000000002,6,11.3,1.0899999999999999,0.3,4.2,1.0000000000,true,1.0000000000
RZE__to__SZZ_cand_666,0.7000000000000002,6,11.3,1.0899999999999999,0.3,4.34,1.0000000000,true,1.0000000000
RZE__to__SZZ_cand_667,0.7000000000000002,6,11.3,1.0899999999999999,0.3,4.76,1.0000000000,true,1.0000000000
RZE__to__SZZ_cand_668,0.7000000000000002,6,11.3,1.0899999999999999,0.3,5.18,1.0000000000,true,1.0000000000
RZE__to__SZZ_cand_669,0.7000000000000002,6,11.3,1.0899999999999999,0.3,5.6,1.0000000000,true,1.0000000000
RZE__to__SZZ_cand_670,0.7000000000000002,6,11.3,1.3599999999999999,0.3,2.24,1.0000000000,true,1.0000000000
RZE__to__SZZ_cand_671,0.7000000000000002,6,11.3,1.3599999999999999,0.3,2.66,1.0000000000,true,1.0000000000
RZE__to__SZZ_cand_672,0.7000000000000002,6,11.3,1.3599999999999999,0.3,3.08,1.0000000000,true,1.0000000000
RZE__to__SZZ_cand_673,0.7000000000000002,6,11.3,1.3599999999999999,0.3,3.5,1.0000000000,true,1.0000000000
RZE__to__SZZ_cand_674,0.7000000000000002,6,11.3,1.3599999999999999,0.3,3.92,1.0000000000,true,1.0000000000
RZE__to__SZZ_cand_675,0.7000000000000002,6,11.3,1.3599999999999999,0.3,4.2,1.0000000000,true,1.0000000000
RZE__to__SZZ_cand_676,0.7000000000000002,6,11.3,1.3599999999999999,0.3,4.34,1.0000000000,true,1.0000000000
RZE__to__SZZ_cand_677,0.7000000000000002,6,11.3,1.3599999999999999,0.3,4.76,1.0000000000,true,1.0000000000
RZE__to__SZZ_cand_678,0.7000000000000002,6,11.3,1.3599999999999999,0.3,5.18,1.0000000000,true,1.0000000000
RZE__to__SZZ_cand_679,0.7000000000000002,6,11.3,1.3599999999999999,0.3,5.6,1.0000000000,true,1.0000000000
RZE__to__SZZ_cand_680,0.7000000000000002,6,11.3,1.63,0.3,2.24,1.0000000000,true,1.0000000000
RZE__to__SZZ_cand_681,0.7000000000000002,6,11.3,1.63,0.3,2.66,1.0000000000,true,1.0000000000
RZE__to__SZZ_cand_682,0.7000000000000002,6,11.3,1.63,0.3,3.08,1.0000000000,true,1.0000000000
RZE__to__SZZ_cand_683,0.7000000000000002,6,11.3,1.63,0.3,3.5,1.0000000000,true,1.0000000000
RZE__to__SZZ_cand_684,0.7000000000000002,6,11.3,1.63,0.3,3.92,1.0000000000,true,1.0000000000
RZE__to__SZZ_cand_685,0.7000000000000002,6,11.3,1.63,0.3,4.2,1.0000000000,true,1.0000000000
RZE__to__SZZ_cand_686,0.7000000000000002,6,11.3,1.63,0.3,4.34,1.0000000000,true,1.0000000000
RZE__to__SZZ_cand_687,0.7000000000000002,6,11.3,1.63,0.3,4.76,1.0000000000,true,1.0000000000
RZE__to__SZZ_cand_688,0.7000000000000002,6,11.3,1.63,0.3,5.18,1.0000000000,true,1.0000000000
RZE__to__SZZ_cand_689,0.7000000000000002,6,11.3,1.63,0.3,5.6,1.0000000000,true,1.0000000000
RZE__to__SZZ_cand_690,0.7000000000000002,6,11.3,1.9,0.3,2.24,1.0000000000,true,1.0000000000
RZE__to__SZZ_cand_691,0.7000000000000002,6,11.3,1.9,0.3,2.66,1.0000000000,true,1.0000000000
RZE__to__SZZ_cand_692,0.7000000000000002,6,11.3,1.9,0.3,3.08,1.0000000000,true,1.0000000000
RZE__to__SZZ_cand_693,0.7000000000000002,6,11.3,1.9,0.3,3.5,1.0000000000,true,1.0000000000
RZE__to__SZZ_cand_694,0.7000000000000002,6,11.3,1.9,0.3,3.92,1.0000000000,true,1.0000000000
RZE__to__SZZ_cand_695,0.7000000000000002,6,11.3,1.9,0.3,4.2,1.0000000000,true,1.0000000000
RZE__to__SZZ_cand_696,0.7000000000000002,6,11.3,1.9,0.3,4.34,1.0000000000,true,1.0000000000
RZE__to__SZZ_cand_697,0.7000000000000002,6,11.3,1.9,0.3,4.76,1.0000000000,true,1.0000000000
RZE__to__SZZ_cand_698,0.7000000000000002,6,11.3,1.9,0.3,5.18,1.0000000000,true,1.0000000000
RZE__to__SZZ_cand_699,0.7000000000000002,6,11.3,1.9,0.3,5.6,1.0000000000,true,1.0000000000
RZE__to__SZZ_cand_700,0.7000000000000002,6,11.3,2.17,0.3,2.24,1.0000000000,true,1.0000000000
RZE__to__SZZ_cand_701,0.7000000000000002,6,11.3,2.17,0.3,2.66,1.0000000000,true,1.0000000000
RZE__to__SZZ_cand_702,0.7000000000000002,6,11.3,2.17,0.3,3.08,1.0000000000,true,1.0000000000
RZE__to__SZZ_cand_703,0.7000000000000002,6,11.3,2.17,0.3,3.5,1.0000000000,true,1.0000000000
RZE__to__SZZ_cand_704,0.7000000000000002,6,11.3,2.17,0.3,3.92,1.0000000000,true,1.0000000000
RZE__to__SZZ_cand_705,0.7000000000000002,6,11.3,2.17,0.3,4.2,1.0000000000,true,1.0000000000
RZE__to__SZZ_cand_706,0.7000000000000002,6,11.3,2.17,0.3,4.34,1.0000000000,true,1.0000000000
RZE__to__SZZ_cand_707,0.7000000000000002,6,11.3,2.17,0.3,4.76,1.0000000000,true,1.0000000000
RZE__to__SZZ_cand_708,0.7000000000000002,6,11.3,2.17,0.3,5.18,1.0000000000,true,1.0000000000
RZE__to__SZZ_cand_709,0.7000000000000002,6,11.3,2.17,0.3,5.6,1.0000000000,true,1.0000000000
RZE__to__SZZ_cand_710,0.7000000000000002,6,11.3,2.44,0.3,2.24,1.0000000000,true,1.0000000000
RZE__to__SZZ_cand_711,0.7000000000000002,6,11.3,2.44,0.3,2.66,1.0000000000,true,1.0000000000
RZE__to__SZZ_cand_712,0.7000000000000002,6,11.3,2.44,0.3,3.08,1.0000000000,true,1.0000000000
RZE__to__SZZ_cand_713,0.7000000000000002,6,11.3,2.44,0.3,3.5,1.0000000000,true,1.0000000000
RZE__to__SZZ_cand_714,0.7000000000000002,6,11.3,2.44,0.3,3.92,1.0000000000,true,1.0000000000
RZE__to__SZZ_cand_715,0.7000000000000002,6,11.3,2.44,0.3,4.2,1.0000000000,true,1.0000000000
RZE__to__SZZ_cand_716,0.7000000000000002,6,11.3,2.44,0.3,4.34,1.0000000000,true,1.0000000000
RZE__to__SZZ_cand_717,0.7000000000000002,6,11.3,2.44,0.3,4.76,1.0000000000,true,1.0000000000
RZE__to__SZZ_cand_718,0.7000000000000002,6,11.3,2.44,0.3,5.18,1.0000000000,true,1.0000000000
RZE__to__SZZ_cand_719,0.7000000000000002,6,11.3,2.44,0.3,5.6,1.0000000000,true,1.0000000000
RZE__to__SZZ_cand_720,0.7000000000000002,6,11.3,2.7,0.3,2.24,1.0000000000,true,1.0000000000
RZE__to__SZZ_cand_721,0.7000000000000002,6,11.3,2.7,0.3,2.66,1.0000000000,true,1.0000000000
RZE__to__SZZ_cand_722,0.7000000000000002,6,11.3,2.7,0.3,3.08,1.0000000000,true,1.0000000000
RZE__to__SZZ_cand_723,0.7000000000000002,6,11.3,2.7,0.3,3.5,1.0000000000,true,1.0000000000
RZE__to__SZZ_cand_724,0.7000000000000002,6,11.3,2.7,0.3,3.92,1.0000000000,true,1.0000000000
RZE__to__SZZ_cand_725,0.7000000000000002,6,11.3,2.7,0.3,4.2,1.0000000000,true,1.0000000000
RZE__to__SZZ_cand_726,0.7000000000000002,6,11.3,2.7,0.3,4.34,1.0000000000,true,1.0000000000
RZE__to__SZZ_cand_727,0.7000000000000002,6,11.3,2.7,0.3,4.76,1.0000000000,true,1.0000000000
RZE__to__SZZ_cand_728,0.7000000000000002,6,11.3,2.7,0.3,5.18,1.0000000000,true,1.0000000000
RZE__to__SZZ_cand_729,0.7000000000000002,6,11.3,2.7,0.3,5.6,1.0000000000,true,1.0000000000
RZE__to__SZZ_cand_730,0.7000000000000002,6,11.3,2.71,0.3,2.24,1.0000000000,true,1.0000000000
RZE__to__SZZ_cand_731,0.7000000000000002,6,11.3,2.71,0.3,2.66,1.0000000000,true,1.0000000000
RZE__to__SZZ_cand_732,0.7000000000000002,6,11.3,2.71,0.3,3.08,1.0000000000,true,1.0000000000
RZE__to__SZZ_cand_733,0.7000000000000002,6,11.3,2.71,0.3,3.5,1.0000000000,true,1.0000000000
RZE__to__SZZ_cand_734,0.7000000000000002,6,11.3,2.71,0.3,3.92,1.0000000000,true,1.0000000000
RZE__to__SZZ_cand_735,0.7000000000000002,6,11.3,2.71,0.3,4.2,1.0000000000,true,1.0000000000
RZE__to__SZZ_cand_736,0.7000000000000002,6,11.3,2.71,0.3,4.34,1.0000000000,true,1.0000000000
RZE__to__SZZ_cand_737,0.7000000000000002,6,11.3,2.71,0.3,4.76,1.0000000000,true,1.0000000000
RZE__to__SZZ_cand_738,0.7000000000000002,6,11.3,2.71,0.3,5.18,1.0000000000,true,1.0000000000
RZE__to__SZZ_cand_739,0.7000000000000002,6,11.3,2.71,0.3,5.6,1.0000000000,true,1.0000000000
RZE__to__SZZ_cand_740,0.7000000000000002,6,11.3,2.98,0.3,2.24,1.0000000000,true,1.0000000000
RZE__to__SZZ_cand_741,0.7000000000000002,6,11.3,2.98,0.3,2.66,1.0000000000,true,1.0000000000
RZE__to__SZZ_cand_742,0.7000000000000002,6,11.3,2.98,0.3,3.08,1.0000000000,true,1.0000000000
RZE__to__SZZ_cand_743,0.7000000000000002,6,11.3,2.98,0.3,3.5,1.0000000000,true,1.0000000000
RZE__to__SZZ_cand_744,0.7000000000000002,6,11.3,2.98,0.3,3.92,1.0000000000,true,1.0000000000
RZE__to__SZZ_cand_745,0.7000000000000002,6,11.3,2.98,0.3,4.2,1.0000000000,true,1.0000000000
RZE__to__SZZ_cand_746,0.7000000000000002,6,11.3,2.98,0.3,4.34,1.0000000000,true,1.0000000000
RZE__to__SZZ_cand_747,0.7000000000000002,6,11.3,2.98,0.3,4.76,1.0000000000,true,1.0000000000
RZE__to__SZZ_cand_748,0.7000000000000002,6,11.3,2.98,0.3,5.18,1.0000000000,true,1.0000000000
RZE__to__SZZ_cand_749,0.7000000000000002,6,11.3,2.98,0.3,5.6,1.0000000000,true,1.0000000000
RZE__to__SZZ_cand_750,0.7000000000000002,6,11.3,3.25,0.3,2.24,1.0000000000,true,1.0000000000
RZE__to__SZZ_cand_751,0.7000000000000002,6,11.3,3.25,0.3,2.66,1.0000000000,true,1.0000000000
RZE__to__SZZ_cand_752,0.7000000000000002,6,11.3,3.25,0.3,3.08,1.0000000000,true,1.0000000000
RZE__to__SZZ_cand_753,0.7000000000000002,6,11.3,3.25,0.3,3.5,1.0000000000,true,1.0000000000
RZE__to__SZZ_cand_754,0.7000000000000002,6,11.3,3.25,0.3,3.92,1.0000000000,true,1.0000000000
RZE__to__SZZ_cand_755,0.7000000000000002,6,11.3,3.25,0.3,4.2,1.0000000000,true,1.0000000000
RZE__to__SZZ_cand_756,0.7000000000000002,6,11.3,3.25,0.3,4.34,1.0000000000,true,1.0000000000
RZE__to__SZZ_cand_757,0.7000000000000002,6,11.3,3.25,0.3,4.76,1.0000000000,true,1.0000000000
RZE__to__SZZ_cand_758,0.7000000000000002,6,11.3,3.25,0.3,5.18,1.0000000000,true,1.0000000000
RZE__to__SZZ_cand_759,0.7000000000000002,6,11.3,3.25,0.3,5.6,1.0000000000,true,1.0000000000
RZE__to__SZZ_cand_760,0.7000000000000002,6,11.3,3.52,0.3,2.24,1.0000000000,true,1.0000000000
RZE__to__SZZ_cand_761,0.7000000000000002,6,11.3,3.52,0.3,2.66,1.0000000000,true,1.0000000000
RZE__to__SZZ_cand_762,0.7000000000000002,6,11.3,3.52,0.3,3.08,1.0000000000,true,1.0000000000
RZE__to__SZZ_cand_763,0.7000000000000002,6,11.3,3.52,0.3,3.5,1.0000000000,true,1.0000000000
RZE__to__SZZ_cand_764,0.7000000000000002,6,11.3,3.52,0.3,3.92,1.0000000000,true,1.0000000000
RZE__to__SZZ_cand_765,0.7000000000000002,6,11.3,3.52,0.3,4.2,1.0000000000,true,1.0000000000
RZE__to__SZZ_cand_766,0.7000000000000002,6,11.3,3.52,0.3,4.34,1.0000000000,true,1.0000000000
RZE__to__SZZ_cand_767,0.7000000000000002,6,11.3,3.52,0.3,4.76,1.0000000000,true,1.0000000000
RZE__to__SZZ_cand_768,0.7000000000000002,6,11.3,3.52,0.3,5.18,1.0000000000,true,1.0000000000
RZE__to__SZZ_cand_769,0.7000000000000002,6,11.3,3.52,0.3,5.6,1.0000000000,true,1.0000000000
RZE__to__SZZ_cand_770,0.8000000000000003,6,11.3,1.0899999999999999,0.3,2.24,1.0000000000,true,1.0000000000
RZE__to__SZZ_cand_771,0.8000000000000003,6,11.3,1.0899999999999999,0.3,2.66,1.0000000000,true,1.0000000000
RZE__to__SZZ_cand_772,0.8000000000000003,6,11.3,1.0899999999999999,0.3,3.08,1.0000000000,true,1.0000000000
RZE__to__SZZ_cand_773,0.8000000000000003,6,11.3,1.0899999999999999,0.3,3.5,1.0000000000,true,1.0000000000
RZE__to__SZZ_cand_774,0.8000000000000003,6,11.3,1.0899999999999999,0.3,3.92,1.0000000000,true,1.0000000000
RZE__to__SZZ_cand_775,0.8000000000000003,6,11.3,1.0899999999999999,0.3,4.2,1.0000000000,true,1.0000000000
RZE__to__SZZ_cand_776,0.8000000000000003,6,11.3,1.0899999999999999,0.3,4.34,1.0000000000,true,1.0000000000
RZE__to__SZZ_cand_777,0.8000000000000003,6,11.3,1.0899999999999999,0.3,4.76,1.0000000000,true,1.0000000000
RZE__to__SZZ_cand_778,0.8000000000000003,6,11.3,1.0899999999999999,0.3,5.18,1.0000000000,true,1.0000000000
RZE__to__SZZ_cand_779,0.8000000000000003,6,11.3,1.0899999999999999,0.3,5.6,1.0000000000,true,1.0000000000
RZE__to__SZZ_cand_780,0.8000000000000003,6,11.3,1.3599999999999999,0.3,2.24,1.0000000000,true,1.0000000000
RZE__to__SZZ_cand_781,0.8000000000000003,6,11.3,1.3599999999999999,0.3,2.66,1.0000000000,true,1.0000000000
RZE__to__SZZ_cand_782,0.8000000000000003,6,11.3,1.3599999999999999,0.3,3.08,1.0000000000,true,1.0000000000
RZE__to__SZZ_cand_783,0.8000000000000003,6,11.3,1.3599999999999999,0.3,3.5,1.0000000000,true,1.0000000000
RZE__to__SZZ_cand_784,0.8000000000000003,6,11.3,1.3599999999999999,0.3,3.92,1.0000000000,true,1.0000000000
RZE__to__SZZ_cand_785,0.8000000000000003,6,11.3,1.3599999999999999,0.3,4.2,1.0000000000,true,1.0000000000
RZE__to__SZZ_cand_786,0.8000000000000003,6,11.3,1.3599999999999999,0.3,4.34,1.0000000000,true,1.0000000000
RZE__to__SZZ_cand_787,0.8000000000000003,6,11.3,1.3599999999999999,0.3,4.76,1.0000000000,true,1.0000000000
RZE__to__SZZ_cand_788,0.8000000000000003,6,11.3,1.3599999999999999,0.3,5.18,1.0000000000,true,1.0000000000
RZE__to__SZZ_cand_789,0.8000000000000003,6,11.3,1.3599999999999999,0.3,5.6,1.0000000000,true,1.0000000000
RZE__to__SZZ_cand_790,0.8000000000000003,6,11.3,1.63,0.3,2.24,1.0000000000,true,1.0000000000
RZE__to__SZZ_cand_791,0.8000000000000003,6,11.3,1.63,0.3,2.66,1.0000000000,true,1.0000000000
RZE__to__SZZ_cand_792,0.8000000000000003,6,11.3,1.63,0.3,3.08,1.0000000000,true,1.0000000000
RZE__to__SZZ_cand_793,0.8000000000000003,6,11.3,1.63,0.3,3.5,1.0000000000,true,1.0000000000
RZE__to__SZZ_cand_794,0.8000000000000003,6,11.3,1.63,0.3,3.92,1.0000000000,true,1.0000000000
RZE__to__SZZ_cand_795,0.8000000000000003,6,11.3,1.63,0.3,4.2,1.0000000000,true,1.0000000000
RZE__to__SZZ_cand_796,0.8000000000000003,6,11.3,1.63,0.3,4.34,1.0000000000,true,1.0000000000
RZE__to__SZZ_cand_797,0.8000000000000003,6,11.3,1.63,0.3,4.76,1.0000000000,true,1.0000000000
RZE__to__SZZ_cand_798,0.8000000000000003,6,11.3,1.63,0.3,5.18,1.0000000000,true,1.0000000000
RZE__to__SZZ_cand_799,0.8000000000000003,6,11.3,1.63,0.3,5.6,1.0000000000,true,1.0000000000
RZE__to__SZZ_cand_800,0.8000000000000003,6,11.3,1.9,0.3,2.24,1.0000000000,true,1.0000000000
RZE__to__SZZ_cand_801,0.8000000000000003,6,11.3,1.9,0.3,2.66,1.0000000000,true,1.0000000000
RZE__to__SZZ_cand_802,0.8000000000000003,6,11.3,1.9,0.3,3.08,1.0000000000,true,1.0000000000
RZE__to__SZZ_cand_803,0.8000000000000003,6,11.3,1.9,0.3,3.5,1.0000000000,true,1.0000000000
RZE__to__SZZ_cand_804,0.8000000000000003,6,11.3,1.9,0.3,3.92,1.0000000000,true,1.0000000000
RZE__to__SZZ_cand_805,0.8000000000000003,6,11.3,1.9,0.3,4.2,1.0000000000,true,1.0000000000
RZE__to__SZZ_cand_806,0.8000000000000003,6,11.3,1.9,0.3,4.34,1.0000000000,true,1.0000000000
RZE__to__SZZ_cand_807,0.8000000000000003,6,11.3,1.9,0.3,4.76,1.0000000000,true,1.0000000000
RZE__to__SZZ_cand_808,0.8000000000000003,6,11.3,1.9,0.3,5.18,1.0000000000,true,1.0000000000
RZE__to__SZZ_cand_809,0.8000000000000003,6,11.3,1.9,0.3,5.6,1.0000000000,true,1.0000000000
RZE__to__SZZ_cand_810,0.8000000000000003,6,11.3,2.17,0.3,2.24,1.0000000000,true,1.0000000000
RZE__to__SZZ_cand_811,0.8000000000000003,6,11.3,2.17,0.3,2.66,1.0000000000,true,1.0000000000
RZE__to__SZZ_cand_812,0.8000000000000003,6,11.3,2.17,0.3,3.08,1.0000000000,true,1.0000000000
RZE__to__SZZ_cand_813,0.8000000000000003,6,11.3,2.17,0.3,3.5,1.0000000000,true,1.0000000000
RZE__to__SZZ_cand_814,0.8000000000000003,6,11.3,2.17,0.3,3.92,1.0000000000,true,1.0000000000
RZE__to__SZZ_cand_815,0.8000000000000003,6,11.3,2.17,0.3,4.2,1.0000000000,true,1.0000000000
RZE__to__SZZ_cand_816,0.8000000000000003,6,11.3,2.17,0.3,4.34,1.0000000000,true,1.0000000000
RZE__to__SZZ_cand_817,0.8000000000000003,6,11.3,2.17,0.3,4.76,1.0000000000,true,1.0000000000
RZE__to__SZZ_cand_818,0.8000000000000003,6,11.3,2.17,0.3,5.18,1.0000000000,true,1.0000000000
RZE__to__SZZ_cand_819,0.8000000000000003,6,11.3,2.17,0.3,5.6,1.0000000000,true,1.0000000000
RZE__to__SZZ_cand_820,0.8000000000000003,6,11.3,2.44,0.3,2.24,1.0000000000,true,1.0000000000
RZE__to__SZZ_cand_821,0.8000000000000003,6,11.3,2.44,0.3,2.66,1.0000000000,true,1.0000000000
RZE__to__SZZ_cand_822,0.8000000000000003,6,11.3,2.44,0.3,3.08,1.0000000000,true,1.0000000000
RZE__to__SZZ_cand_823,0.8000000000000003,6,11.3,2.44,0.3,3.5,1.0000000000,true,1.0000000000
RZE__to__SZZ_cand_824,0.8000000000000003,6,11.3,2.44,0.3,3.92,1.0000000000,true,1.0000000000
RZE__to__SZZ_cand_825,0.8000000000000003,6,11.3,2.44,0.3,4.2,1.0000000000,true,1.0000000000
RZE__to__SZZ_cand_826,0.8000000000000003,6,11.3,2.44,0.3,4.34,1.0000000000,true,1.0000000000
RZE__to__SZZ_cand_827,0.8000000000000003,6,11.3,2.44,0.3,4.76,1.0000000000,true,1.0000000000
RZE__to__SZZ_cand_828,0.8000000000000003,6,11.3,2.44,0.3,5.18,1.0000000000,true,1.0000000000
RZE__to__SZZ_cand_829,0.8000000000000003,6,11.3,2.44,0.3,5.6,1.0000000000,true,1.0000000000
RZE__to__SZZ_cand_830,0.8000000000000003,6,11.3,2.7,0.3,2.24,1.0000000000,true,1.0000000000
RZE__to__SZZ_cand_831,0.8000000000000003,6,11.3,2.7,0.3,2.66,1.0000000000,true,1.0000000000
RZE__to__SZZ_cand_832,0.8000000000000003,6,11.3,2.7,0.3,3.08,1.0000000000,true,1.0000000000
RZE__to__SZZ_cand_833,0.8000000000000003,6,11.3,2.7,0.3,3.5,1.0000000000,true,1.0000000000
RZE__to__SZZ_cand_834,0.8000000000000003,6,11.3,2.7,0.3,3.92,1.0000000000,true,1.0000000000
RZE__to__SZZ_cand_835,0.8000000000000003,6,11.3,2.7,0.3,4.2,1.0000000000,true,1.0000000000
RZE__to__SZZ_cand_836,0.8000000000000003,6,11.3,2.7,0.3,4.34,1.0000000000,true,1.0000000000
RZE__to__SZZ_cand_837,0.8000000000000003,6,11.3,2.7,0.3,4.76,1.0000000000,true,1.0000000000
RZE__to__SZZ_cand_838,0.8000000000000003,6,11.3,2.7,0.3,5.18,1.0000000000,true,1.0000000000
RZE__to__SZZ_cand_839,0.8000000000000003,6,11.3,2.7,0.3,5.6,1.0000000000,true,1.0000000000
RZE__to__SZZ_cand_840,0.8000000000000003,6,11.3,2.71,0.3,2.24,1.0000000000,true,1.0000000000
RZE__to__SZZ_cand_841,0.8000000000000003,6,11.3,2.71,0.3,2.66,1.0000000000,true,1.0000000000
RZE__to__SZZ_cand_842,0.8000000000000003,6,11.3,2.71,0.3,3.08,1.0000000000,true,1.0000000000
RZE__to__SZZ_cand_843,0.8000000000000003,6,11.3,2.71,0.3,3.5,1.0000000000,true,1.0000000000
RZE__to__SZZ_cand_844,0.8000000000000003,6,11.3,2.71,0.3,3.92,1.0000000000,true,1.0000000000
RZE__to__SZZ_cand_845,0.8000000000000003,6,11.3,2.71,0.3,4.2,1.0000000000,true,1.0000000000
RZE__to__SZZ_cand_846,0.8000000000000003,6,11.3,2.71,0.3,4.34,1.0000000000,true,1.0000000000
RZE__to__SZZ_cand_847,0.8000000000000003,6,11.3,2.71,0.3,4.76,1.0000000000,true,1.0000000000
RZE__to__SZZ_cand_848,0.8000000000000003,6,11.3,2.71,0.3,5.18,1.0000000000,true,1.0000000000
RZE__to__SZZ_cand_849,0.8000000000000003,6,11.3,2.71,0.3,5.6,1.0000000000,true,1.0000000000
RZE__to__SZZ_cand_850,0.8000000000000003,6,11.3,2.98,0.3,2.24,1.0000000000,true,1.0000000000
RZE__to__SZZ_cand_851,0.8000000000000003,6,11.3,2.98,0.3,2.66,1.0000000000,true,1.0000000000
RZE__to__SZZ_cand_852,0.8000000000000003,6,11.3,2.98,0.3,3.08,1.0000000000,true,1.0000000000
RZE__to__SZZ_cand_853,0.8000000000000003,6,11.3,2.98,0.3,3.5,1.0000000000,true,1.0000000000
RZE__to__SZZ_cand_854,0.8000000000000003,6,11.3,2.98,0.3,3.92,1.0000000000,true,1.0000000000
RZE__to__SZZ_cand_855,0.8000000000000003,6,11.3,2.98,0.3,4.2,1.0000000000,true,1.0000000000
RZE__to__SZZ_cand_856,0.8000000000000003,6,11.3,2.98,0.3,4.34,1.0000000000,true,1.0000000000
RZE__to__SZZ_cand_857,0.8000000000000003,6,11.3,2.98,0.3,4.76,1.0000000000,true,1.0000000000
RZE__to__SZZ_cand_858,0.8000000000000003,6,11.3,2.98,0.3,5.18,1.0000000000,true,1.0000000000
RZE__to__SZZ_cand_859,0.8000000000000003,6,11.3,2.98,0.3,5.6,1.0000000000,true,1.0000000000
RZE__to__SZZ_cand_860,0.8000000000000003,6,11.3,3.25,0.3,2.24,1.0000000000,true,1.0000000000
RZE__to__SZZ_cand_861,0.8000000000000003,6,11.3,3.25,0.3,2.66,1.0000000000,true,1.0000000000
RZE__to__SZZ_cand_862,0.8000000000000003,6,11.3,3.25,0.3,3.08,1.0000000000,true,1.0000000000
RZE__to__SZZ_cand_863,0.8000000000000003,6,11.3,3.25,0.3,3.5,1.0000000000,true,1.0000000000
RZE__to__SZZ_cand_864,0.8000000000000003,6,11.3,3.25,0.3,3.92,1.0000000000,true,1.0000000000
RZE__to__SZZ_cand_865,0.8000000000000003,6,11.3,3.25,0.3,4.2,1.0000000000,true,1.0000000000
RZE__to__SZZ_cand_866,0.8000000000000003,6,11.3,3.25,0.3,4.34,1.0000000000,true,1.0000000000
RZE__to__SZZ_cand_867,0.8000000000000003,6,11.3,3.25,0.3,4.76,1.0000000000,true,1.0000000000
RZE__to__SZZ_cand_868,0.8000000000000003,6,11.3,3.25,0.3,5.18,1.0000000000,true,1.0000000000
RZE__to__SZZ_cand_869,0.8000000000000003,6,11.3,3.25,0.3,5.6,1.0000000000,true,1.0000000000
RZE__to__SZZ_cand_870,0.8000000000000003,6,11.3,3.52,0.3,2.24,1.0000000000,true,1.0000000000
RZE__to__SZZ_cand_871,0.8000000000000003,6,11.3,3.52,0.3,2.66,1.0000000000,true,1.0000000000
RZE__to__SZZ_cand_872,0.8000000000000003,6,11.3,3.52,0.3,3.08,1.0000000000,true,1.0000000000
RZE__to__SZZ_cand_873,0.8000000000000003,6,11.3,3.52,0.3,3.5,1.0000000000,true,1.0000000000
RZE__to__SZZ_cand_874,0.8000000000000003,6,11.3,3.52,0.3,3.92,1.0000000000,true,1.0000000000
RZE__to__SZZ_cand_875,0.8000000000000003,6,11.3,3.52,0.3,4.2,1.0000000000,true,1.0000000000
RZE__to__SZZ_cand_876,0.8000000000000003,6,11.3,3.52,0.3,4.34,1.0000000000,true,1.0000000000
RZE__to__SZZ_cand_877,0.8000000000000003,6,11.3,3.52,0.3,4.76,1.0000000000,true,1.0000000000
RZE__to__SZZ_cand_878,0.8000000000000003,6,11.3,3.52,0.3,5.18,1.0000000000,true,1.0000000000
RZE__to__SZZ_cand_879,0.8000000000000003,6,11.3,3.52,0.3,5.6,1.0000000000,true,1.0000000000
RZE__to__SZZ_cand_880,0.9000000000000001,6,11.3,1.0899999999999999,0.3,2.24,1.0000000000,true,1.0000000000
RZE__to__SZZ_cand_881,0.9000000000000001,6,11.3,1.0899999999999999,0.3,2.66,1.0000000000,true,1.0000000000
RZE__to__SZZ_cand_882,0.9000000000000001,6,11.3,1.0899999999999999,0.3,3.08,1.0000000000,true,1.0000000000
RZE__to__SZZ_cand_883,0.9000000000000001,6,11.3,1.0899999999999999,0.3,3.5,1.0000000000,true,1.0000000000
RZE__to__SZZ_cand_884,0.9000000000000001,6,11.3,1.0899999999999999,0.3,3.92,1.0000000000,true,1.0000000000
RZE__to__SZZ_cand_885,0.9000000000000001,6,11.3,1.0899999999999999,0.3,4.2,1.0000000000,true,1.0000000000
RZE__to__SZZ_cand_886,0.9000000000000001,6,11.3,1.0899999999999999,0.3,4.34,1.0000000000,true,1.0000000000
RZE__to__SZZ_cand_887,0.9000000000000001,6,11.3,1.0899999999999999,0.3,4.76,1.0000000000,true,1.0000000000
RZE__to__SZZ_cand_888,0.9000000000000001,6,11.3,1.0899999999999999,0.3,5.18,1.0000000000,true,1.0000000000
RZE__to__SZZ_cand_889,0.9000000000000001,6,11.3,1.0899999999999999,0.3,5.6,1.0000000000,true,1.0000000000
RZE__to__SZZ_cand_890,0.9000000000000001,6,11.3,1.3599999999999999,0.3,2.24,1.0000000000,true,1.0000000000
RZE__to__SZZ_cand_891,0.9000000000000001,6,11.3,1.3599999999999999,0.3,2.66,1.0000000000,true,1.0000000000
RZE__to__SZZ_cand_892,0.9000000000000001,6,11.3,1.3599999999999999,0.3,3.08,1.0000000000,true,1.0000000000
RZE__to__SZZ_cand_893,0.9000000000000001,6,11.3,1.3599999999999999,0.3,3.5,1.0000000000,true,1.0000000000
RZE__to__SZZ_cand_894,0.9000000000000001,6,11.3,1.3599999999999999,0.3,3.92,1.0000000000,true,1.0000000000
RZE__to__SZZ_cand_895,0.9000000000000001,6,11.3,1.3599999999999999,0.3,4.2,1.0000000000,true,1.0000000000
RZE__to__SZZ_cand_896,0.9000000000000001,6,11.3,1.3599999999999999,0.3,4.34,1.0000000000,true,1.0000000000
RZE__to__SZZ_cand_897,0.9000000000000001,6,11.3,1.3599999999999999,0.3,4.76,1.0000000000,true,1.0000000000
RZE__to__SZZ_cand_898,0.9000000000000001,6,11.3,1.3599999999999999,0.3,5.18,1.0000000000,true,1.0000000000
RZE__to__SZZ_cand_899,0.9000000000000001,6,11.3,1.3599999999999999,0.3,5.6,1.0000000000,true,1.0000000000
RZE__to__SZZ_cand_900,0.9000000000000001,6,11.3,1.63,0.3,2.24,1.0000000000,true,1.0000000000
RZE__to__SZZ_cand_901,0.9000000000000001,6,11.3,1.63,0.3,2.66,1.0000000000,true,1.0000000000
RZE__to__SZZ_cand_902,0.9000000000000001,6,11.3,1.63,0.3,3.08,1.0000000000,true,1.0000000000
RZE__to__SZZ_cand_903,0.9000000000000001,6,11.3,1.63,0.3,3.5,1.0000000000,true,1.0000000000
RZE__to__SZZ_cand_904,0.9000000000000001,6,11.3,1.63,0.3,3.92,1.0000000000,true,1.0000000000
RZE__to__SZZ_cand_905,0.9000000000000001,6,11.3,1.63,0.3,4.2,1.0000000000,true,1.0000000000
RZE__to__SZZ_cand_906,0.9000000000000001,6,11.3,1.63,0.3,4.34,1.0000000000,true,1.0000000000
RZE__to__SZZ_cand_907,0.9000000000000001,6,11.3,1.63,0.3,4.76,1.0000000000,true,1.0000000000
RZE__to__SZZ_cand_908,0.9000000000000001,6,11.3,1.63,0.3,5.18,1.0000000000,true,1.0000000000
RZE__to__SZZ_cand_909,0.9000000000000001,6,11.3,1.63,0.3,5.6,1.0000000000,true,1.0000000000
RZE__to__SZZ_cand_910,0.9000000000000001,6,11.3,1.9,0.3,2.24,1.0000000000,true,1.0000000000
RZE__to__SZZ_cand_911,0.9000000000000001,6,11.3,1.9,0.3,2.66,1.0000000000,true,1.0000000000
RZE__to__SZZ_cand_912,0.9000000000000001,6,11.3,1.9,0.3,3.08,1.0000000000,true,1.0000000000
RZE__to__SZZ_cand_913,0.9000000000000001,6,11.3,1.9,0.3,3.5,1.0000000000,true,1.0000000000
RZE__to__SZZ_cand_914,0.9000000000000001,6,11.3,1.9,0.3,3.92,1.0000000000,true,1.0000000000
RZE__to__SZZ_cand_915,0.9000000000000001,6,11.3,1.9,0.3,4.2,1.0000000000,true,1.0000000000
RZE__to__SZZ_cand_916,0.9000000000000001,6,11.3,1.9,0.3,4.34,1.0000000000,true,1.0000000000
RZE__to__SZZ_cand_917,0.9000000000000001,6,11.3,1.9,0.3,4.76,1.0000000000,true,1.0000000000
RZE__to__SZZ_cand_918,0.9000000000000001,6,11.3,1.9,0.3,5.18,1.0000000000,true,1.0000000000
RZE__to__SZZ_cand_919,0.9000000000000001,6,11.3,1.9,0.3,5.6,1.0000000000,true,1.0000000000
RZE__to__SZZ_cand_920,0.9000000000000001,6,11.3,2.17,0.3,2.24,1.0000000000,true,1.0000000000
RZE__to__SZZ_cand_921,0.9000000000000001,6,11.3,2.17,0.3,2.66,1.0000000000,true,1.0000000000
RZE__to__SZZ_cand_922,0.9000000000000001,6,11.3,2.17,0.3,3.08,1.0000000000,true,1.0000000000
RZE__to__SZZ_cand_923,0.9000000000000001,6,11.3,2.17,0.3,3.5,1.0000000000,true,1.0000000000
RZE__to__SZZ_cand_924,0.9000000000000001,6,11.3,2.17,0.3,3.92,1.0000000000,true,1.0000000000
RZE__to__SZZ_cand_925,0.9000000000000001,6,11.3,2.17,0.3,4.2,1.0000000000,true,1.0000000000
RZE__to__SZZ_cand_926,0.9000000000000001,6,11.3,2.17,0.3,4.34,1.0000000000,true,1.0000000000
RZE__to__SZZ_cand_927,0.9000000000000001,6,11.3,2.17,0.3,4.76,1.0000000000,true,1.0000000000
RZE__to__SZZ_cand_928,0.9000000000000001,6,11.3,2.17,0.3,5.18,1.0000000000,true,1.0000000000
RZE__to__SZZ_cand_929,0.9000000000000001,6,11.3,2.17,0.3,5.6,1.0000000000,true,1.0000000000
RZE__to__SZZ_cand_930,0.9000000000000001,6,11.3,2.44,0.3,2.24,1.0000000000,true,1.0000000000
RZE__to__SZZ_cand_931,0.9000000000000001,6,11.3,2.44,0.3,2.66,1.0000000000,true,1.0000000000
RZE__to__SZZ_cand_932,0.9000000000000001,6,11.3,2.44,0.3,3.08,1.0000000000,true,1.0000000000
RZE__to__SZZ_cand_933,0.9000000000000001,6,11.3,2.44,0.3,3.5,1.0000000000,true,1.0000000000
RZE__to__SZZ_cand_934,0.9000000000000001,6,11.3,2.44,0.3,3.92,1.0000000000,true,1.0000000000
RZE__to__SZZ_cand_935,0.9000000000000001,6,11.3,2.44,0.3,4.2,1.0000000000,true,1.0000000000
RZE__to__SZZ_cand_936,0.9000000000000001,6,11.3,2.44,0.3,4.34,1.0000000000,true,1.0000000000
RZE__to__SZZ_cand_937,0.9000000000000001,6,11.3,2.44,0.3,4.76,1.0000000000,true,1.0000000000
RZE__to__SZZ_cand_938,0.9000000000000001,6,11.3,2.44,0.3,5.18,1.0000000000,true,1.0000000000
RZE__to__SZZ_cand_939,0.9000000000000001,6,11.3,2.44,0.3,5.6,1.0000000000,true,1.0000000000
RZE__to__SZZ_cand_940,0.9000000000000001,6,11.3,2.7,0.3,2.24,1.0000000000,true,1.0000000000
RZE__to__SZZ_cand_941,0.9000000000000001,6,11.3,2.7,0.3,2.66,1.0000000000,true,1.0000000000
RZE__to__SZZ_cand_942,0.9000000000000001,6,11.3,2.7,0.3,3.08,1.0000000000,true,1.0000000000
RZE__to__SZZ_cand_943,0.9000000000000001,6,11.3,2.7,0.3,3.5,1.0000000000,true,1.0000000000
RZE__to__SZZ_cand_944,0.9000000000000001,6,11.3,2.7,0.3,3.92,1.0000000000,true,1.0000000000
RZE__to__SZZ_cand_945,0.9000000000000001,6,11.3,2.7,0.3,4.2,1.0000000000,true,1.0000000000
RZE__to__SZZ_cand_946,0.9000000000000001,6,11.3,2.7,0.3,4.34,1.0000000000,true,1.0000000000
RZE__to__SZZ_cand_947,0.9000000000000001,6,11.3,2.7,0.3,4.76,1.0000000000,true,1.0000000000
RZE__to__SZZ_cand_948,0.9000000000000001,6,11.3,2.7,0.3,5.18,1.0000000000,true,1.0000000000
RZE__to__SZZ_cand_949,0.9000000000000001,6,11.3,2.7,0.3,5.6,1.0000000000,true,1.0000000000
RZE__to__SZZ_cand_950,0.9000000000000001,6,11.3,2.71,0.3,2.24,1.0000000000,true,1.0000000000
RZE__to__SZZ_cand_951,0.9000000000000001,6,11.3,2.71,0.3,2.66,1.0000000000,true,1.0000000000
RZE__to__SZZ_cand_952,0.9000000000000001,6,11.3,2.71,0.3,3.08,1.0000000000,true,1.0000000000
RZE__to__SZZ_cand_953,0.9000000000000001,6,11.3,2.71,0.3,3.5,1.0000000000,true,1.0000000000
RZE__to__SZZ_cand_954,0.9000000000000001,6,11.3,2.71,0.3,3.92,1.0000000000,true,1.0000000000
RZE__to__SZZ_cand_955,0.9000000000000001,6,11.3,2.71,0.3,4.2,1.0000000000,true,1.0000000000
RZE__to__SZZ_cand_956,0.9000000000000001,6,11.3,2.71,0.3,4.34,1.0000000000,true,1.0000000000
RZE__to__SZZ_cand_957,0.9000000000000001,6,11.3,2.71,0.3,4.76,1.0000000000,true,1.0000000000
RZE__to__SZZ_cand_958,0.9000000000000001,6,11.3,2.71,0.3,5.18,1.0000000000,true,1.0000000000
RZE__to__SZZ_cand_959,0.9000000000000001,6,11.3,2.71,0.3,5.6,1.0000000000,true,1.0000000000
RZE__to__SZZ_cand_960,0.9000000000000001,6,11.3,2.98,0.3,2.24,1.0000000000,true,1.0000000000
RZE__to__SZZ_cand_961,0.9000000000000001,6,11.3,2.98,0.3,2.66,1.0000000000,true,1.0000000000
RZE__to__SZZ_cand_962,0.9000000000000001,6,11.3,2.98,0.3,3.08,1.0000000000,true,1.0000000000
RZE__to__SZZ_cand_963,0.9000000000000001,6,11.3,2.98,0.3,3.5,1.0000000000,true,1.0000000000
RZE__to__SZZ_cand_964,0.9000000000000001,6,11.3,2.98,0.3,3.92,1.0000000000,true,1.0000000000
RZE__to__SZZ_cand_965,0.9000000000000001,6,11.3,2.98,0.3,4.2,1.0000000000,true,1.0000000000
RZE__to__SZZ_cand_966,0.9000000000000001,6,11.3,2.98,0.3,4.34,1.0000000000,true,1.0000000000
RZE__to__SZZ_cand_967,0.9000000000000001,6,11.3,2.98,0.3,4.76,1.0000000000,true,1.0000000000
RZE__to__SZZ_cand_968,0.9000000000000001,6,11.3,2.98,0.3,5.18,1.0000000000,true,1.0000000000
RZE__to__SZZ_cand_969,0.9000000000000001,6,11.3,2.98,0.3,5.6,1.0000000000,true,1.0000000000
RZE__to__SZZ_cand_970,0.9000000000000001,6,11.3,3.25,0.3,2.24,1.0000000000,true,1.0000000000
RZE__to__SZZ_cand_971,0.9000000000000001,6,11.3,3.25,0.3,2.66,1.0000000000,true,1.0000000000
RZE__to__SZZ_cand_972,0.9000000000000001,6,11.3,3.25,0.3,3.08,1.0000000000,true,1.0000000000
RZE__to__SZZ_cand_973,0.9000000000000001,6,11.3,3.25,0.3,3.5,1.0000000000,true,1.0000000000
RZE__to__SZZ_cand_974,0.9000000000000001,6,11.3,3.25,0.3,3.92,1.0000000000,true,1.0000000000
RZE__to__SZZ_cand_975,0.9000000000000001,6,11.3,3.25,0.3,4.2,1.0000000000,true,1.0000000000
RZE__to__SZZ_cand_976,0.9000000000000001,6,11.3,3.25,0.3,4.34,1.0000000000,true,1.0000000000
RZE__to__SZZ_cand_977,0.9000000000000001,6,11.3,3.25,0.3,4.76,1.0000000000,true,1.0000000000
RZE__to__SZZ_cand_978,0.9000000000000001,6,11.3,3.25,0.3,5.18,1.0000000000,true,1.0000000000
RZE__to__SZZ_cand_979,0.9000000000000001,6,11.3,3.25,0.3,5.6,1.0000000000,true,1.0000000000
RZE__to__SZZ_cand_980,0.9000000000000001,6,11.3,3.52,0.3,2.24,1.0000000000,true,1.0000000000
RZE__to__SZZ_cand_981,0.9000000000000001,6,11.3,3.52,0.3,2.66,1.0000000000,true,1.0000000000
RZE__to__SZZ_cand_982,0.9000000000000001,6,11.3,3.52,0.3,3.08,1.0000000000,true,1.0000000000
RZE__to__SZZ_cand_983,0.9000000000000001,6,11.3,3.52,0.3,3.5,1.0000000000,true,1.0000000000
RZE__to__SZZ_cand_984,0.9000000000000001,6,11.3,3.52,0.3,3.92,1.0000000000,true,1.0000000000
RZE__to__SZZ_cand_985,0.9000000000000001,6,11.3,3.52,0.3,4.2,1.0000000000,true,1.0000000000
RZE__to__SZZ_cand_986,0.9000000000000001,6,11.3,3.52,0.3,4.34,1.0000000000,true,1.0000000000
RZE__to__SZZ_cand_987,0.9000000000000001,6,11.3,3.52,0.3,4.76,1.0000000000,true,1.0000000000
RZE__to__SZZ_cand_988,0.9000000000000001,6,11.3,3.52,0.3,5.18,1.0000000000,true,1.0000000000
RZE__to__SZZ_cand_989,0.9000000000000001,6,11.3,3.52,0.3,5.6,1.0000000000,true,1.0000000000
RZE__to__SZZ_cand_990,1.0000000000000002,6,11.3,1.0899999999999999,0.3,2.24,1.0000000000,true,1.0000000000
RZE__to__SZZ_cand_991,1.0000000000000002,6,11.3,1.0899999999999999,0.3,2.66,1.0000000000,true,1.0000000000
RZE__to__SZZ_cand_992,1.0000000000000002,6,11.3,1.0899999999999999,0.3,3.08,1.0000000000,true,1.0000000000
RZE__to__SZZ_cand_993,1.0000000000000002,6,11.3,1.0899999999999999,0.3,3.5,1.0000000000,true,1.0000000000
RZE__to__SZZ_cand_994,1.0000000000000002,6,11.3,1.0899999999999999,0.3,3.92,1.0000000000,true,1.0000000000
RZE__to__SZZ_cand_995,1.0000000000000002,6,11.3,1.0899999999999999,0.3,4.2,1.0000000000,true,1.0000000000
RZE__to__SZZ_cand_996,1.0000000000000002,6,11.3,1.0899999999999999,0.3,4.34,1.0000000000,true,1.0000000000
RZE__to__SZZ_cand_997,1.0000000000000002,6,11.3,1.0899999999999999,0.3,4.76,1.0000000000,true,1.0000000000
RZE__to__SZZ_cand_998,1.0000000000000002,6,11.3,1.0899999999999999,0.3,5.18,1.0000000000,true,1.0000000000
RZE__to__SZZ_cand_999,1.0000000000000002,6,11.3,1.0899999999999999,0.3,5.6,1.0000000000,true,1.0000000000
RZE__to__SZZ_cand_1000,1.0000000000000002,6,11.3,1.3599999999999999,0.3,2.24,1.0000000000,true,1.0000000000
RZE__to__SZZ_cand_1001,1.0000000000000002,6,11.3,1.3599999999999999,0.3,2.66,1.0000000000,true,1.0000000000
RZE__to__SZZ_cand_1002,1.0000000000000002,6,11.3,1.3599999999999999,0.3,3.08,1.0000000000,true,1.0000000000
RZE__to__SZZ_cand_1003,1.0000000000000002,6,11.3,1.3599999999999999,0.3,3.5,1.0000000000,true,1.0000000000
RZE__to__SZZ_cand_1004,1.0000000000000002,6,11.3,1.3599999999999999,0.3,3.92,1.0000000000,true,1.0000000000
RZE__to__SZZ_cand_1005,1.0000000000000002,6,11.3,1.3599999999999999,0.3,4.2,1.0000000000,true,1.0000000000
RZE__to__SZZ_cand_1006,1.0000000000000002,6,11.3,1.3599999999999999,0.3,4.34,1.0000000000,true,1.0000000000
RZE__to__SZZ_cand_1007,1.0000000000000002,6,11.3,1.3599999999999999,0.3,4.76,1.0000000000,true,1.0000000000
RZE__to__SZZ_cand_1008,1.0000000000000002,6,11.3,1.3599999999999999,0.3,5.18,1.0000000000,true,1.0000000000
RZE__to__SZZ_cand_1009,1.0000000000000002,6,11.3,1.3599999999999999,0.3,5.6,1.0000000000,true,1.0000000000
RZE__to__SZZ_cand_1010,1.0000000000000002,6,11.3,1.63,0.3,2.24,1.0000000000,true,1.0000000000
RZE__to__SZZ_cand_1011,1.0000000000000002,6,11.3,1.63,0.3,2.66,1.0000000000,true,1.0000000000
RZE__to__SZZ_cand_1012,1.0000000000000002,6,11.3,1.63,0.3,3.08,1.0000000000,true,1.0000000000
RZE__to__SZZ_cand_1013,1.0000000000000002,6,11.3,1.63,0.3,3.5,1.0000000000,true,1.0000000000
RZE__to__SZZ_cand_1014,1.0000000000000002,6,11.3,1.63,0.3,3.92,1.0000000000,true,1.0000000000
RZE__to__SZZ_cand_1015,1.0000000000000002,6,11.3,1.63,0.3,4.2,1.0000000000,true,1.0000000000
RZE__to__SZZ_cand_1016,1.0000000000000002,6,11.3,1.63,0.3,4.34,1.0000000000,true,1.0000000000
RZE__to__SZZ_cand_1017,1.0000000000000002,6,11.3,1.63,0.3,4.76,1.0000000000,true,1.0000000000
RZE__to__SZZ_cand_1018,1.0000000000000002,6,11.3,1.63,0.3,5.18,1.0000000000,true,1.0000000000
RZE__to__SZZ_cand_1019,1.0000000000000002,6,11.3,1.63,0.3,5.6,1.0000000000,true,1.0000000000
RZE__to__SZZ_cand_1020,1.0000000000000002,6,11.3,1.9,0.3,2.24,1.0000000000,true,1.0000000000
RZE__to__SZZ_cand_1021,1.0000000000000002,6,11.3,1.9,0.3,2.66,1.0000000000,true,1.0000000000
RZE__to__SZZ_cand_1022,1.0000000000000002,6,11.3,1.9,0.3,3.08,1.0000000000,true,1.0000000000
RZE__to__SZZ_cand_1023,1.0000000000000002,6,11.3,1.9,0.3,3.5,1.0000000000,true,1.0000000000
RZE__to__SZZ_cand_1024,1.0000000000000002,6,11.3,1.9,0.3,3.92,1.0000000000,true,1.0000000000
RZE__to__SZZ_cand_1025,1.0000000000000002,6,11.3,1.9,0.3,4.2,1.0000000000,true,1.0000000000
RZE__to__SZZ_cand_1026,1.0000000000000002,6,11.3,1.9,0.3,4.34,1.0000000000,true,1.0000000000
RZE__to__SZZ_cand_1027,1.0000000000000002,6,11.3,1.9,0.3,4.76,1.0000000000,true,1.0000000000
RZE__to__SZZ_cand_1028,1.0000000000000002,6,11.3,1.9,0.3,5.18,1.0000000000,true,1.0000000000
RZE__to__SZZ_cand_1029,1.0000000000000002,6,11.3,1.9,0.3,5.6,1.0000000000,true,1.0000000000
RZE__to__SZZ_cand_1030,1.0000000000000002,6,11.3,2.17,0.3,2.24,1.0000000000,true,1.0000000000
RZE__to__SZZ_cand_1031,1.0000000000000002,6,11.3,2.17,0.3,2.66,1.0000000000,true,1.0000000000
RZE__to__SZZ_cand_1032,1.0000000000000002,6,11.3,2.17,0.3,3.08,1.0000000000,true,1.0000000000
RZE__to__SZZ_cand_1033,1.0000000000000002,6,11.3,2.17,0.3,3.5,1.0000000000,true,1.0000000000
RZE__to__SZZ_cand_1034,1.0000000000000002,6,11.3,2.17,0.3,3.92,1.0000000000,true,1.0000000000
RZE__to__SZZ_cand_1035,1.0000000000000002,6,11.3,2.17,0.3,4.2,1.0000000000,true,1.0000000000
RZE__to__SZZ_cand_1036,1.0000000000000002,6,11.3,2.17,0.3,4.34,1.0000000000,true,1.0000000000
RZE__to__SZZ_cand_1037,1.0000000000000002,6,11.3,2.17,0.3,4.76,1.0000000000,true,1.0000000000
RZE__to__SZZ_cand_1038,1.0000000000000002,6,11.3,2.17,0.3,5.18,1.0000000000,true,1.0000000000
RZE__to__SZZ_cand_1039,1.0000000000000002,6,11.3,2.17,0.3,5.6,1.0000000000,true,1.0000000000
RZE__to__SZZ_cand_1040,1.0000000000000002,6,11.3,2.44,0.3,2.24,1.0000000000,true,1.0000000000
RZE__to__SZZ_cand_1041,1.0000000000000002,6,11.3,2.44,0.3,2.66,1.0000000000,true,1.0000000000
RZE__to__SZZ_cand_1042,1.0000000000000002,6,11.3,2.44,0.3,3.08,1.0000000000,true,1.0000000000
RZE__to__SZZ_cand_1043,1.0000000000000002,6,11.3,2.44,0.3,3.5,1.0000000000,true,1.0000000000
RZE__to__SZZ_cand_1044,1.0000000000000002,6,11.3,2.44,0.3,3.92,1.0000000000,true,1.0000000000
RZE__to__SZZ_cand_1045,1.0000000000000002,6,11.3,2.44,0.3,4.2,1.0000000000,true,1.0000000000
RZE__to__SZZ_cand_1046,1.0000000000000002,6,11.3,2.44,0.3,4.34,1.0000000000,true,1.0000000000
RZE__to__SZZ_cand_1047,1.0000000000000002,6,11.3,2.44,0.3,4.76,1.0000000000,true,1.0000000000
RZE__to__SZZ_cand_1048,1.0000000000000002,6,11.3,2.44,0.3,5.18,1.0000000000,true,1.0000000000
RZE__to__SZZ_cand_1049,1.0000000000000002,6,11.3,2.44,0.3,5.6,1.0000000000,true,1.0000000000
RZE__to__SZZ_cand_1050,1.0000000000000002,6,11.3,2.7,0.3,2.24,1.0000000000,true,1.0000000000
RZE__to__SZZ_cand_1051,1.0000000000000002,6,11.3,2.7,0.3,2.66,1.0000000000,true,1.0000000000
RZE__to__SZZ_cand_1052,1.0000000000000002,6,11.3,2.7,0.3,3.08,1.0000000000,true,1.0000000000
RZE__to__SZZ_cand_1053,1.0000000000000002,6,11.3,2.7,0.3,3.5,1.0000000000,true,1.0000000000
RZE__to__SZZ_cand_1054,1.0000000000000002,6,11.3,2.7,0.3,3.92,1.0000000000,true,1.0000000000
RZE__to__SZZ_cand_1055,1.0000000000000002,6,11.3,2.7,0.3,4.2,1.0000000000,true,1.0000000000
RZE__to__SZZ_cand_1056,1.0000000000000002,6,11.3,2.7,0.3,4.34,1.0000000000,true,1.0000000000
RZE__to__SZZ_cand_1057,1.0000000000000002,6,11.3,2.7,0.3,4.76,1.0000000000,true,1.0000000000
RZE__to__SZZ_cand_1058,1.0000000000000002,6,11.3,2.7,0.3,5.18,1.0000000000,true,1.0000000000
RZE__to__SZZ_cand_1059,1.0000000000000002,6,11.3,2.7,0.3,5.6,1.0000000000,true,1.0000000000
RZE__to__SZZ_cand_1060,1.0000000000000002,6,11.3,2.71,0.3,2.24,1.0000000000,true,1.0000000000
RZE__to__SZZ_cand_1061,1.0000000000000002,6,11.3,2.71,0.3,2.66,1.0000000000,true,1.0000000000
RZE__to__SZZ_cand_1062,1.0000000000000002,6,11.3,2.71,0.3,3.08,1.0000000000,true,1.0000000000
RZE__to__SZZ_cand_1063,1.0000000000000002,6,11.3,2.71,0.3,3.5,1.0000000000,true,1.0000000000
RZE__to__SZZ_cand_1064,1.0000000000000002,6,11.3,2.71,0.3,3.92,1.0000000000,true,1.0000000000
RZE__to__SZZ_cand_1065,1.0000000000000002,6,11.3,2.71,0.3,4.2,1.0000000000,true,1.0000000000
RZE__to__SZZ_cand_1066,1.0000000000000002,6,11.3,2.71,0.3,4.34,1.0000000000,true,1.0000000000
RZE__to__SZZ_cand_1067,1.0000000000000002,6,11.3,2.71,0.3,4.76,1.0000000000,true,1.0000000000
RZE__to__SZZ_cand_1068,1.0000000000000002,6,11.3,2.71,0.3,5.18,1.0000000000,true,1.0000000000
RZE__to__SZZ_cand_1069,1.0000000000000002,6,11.3,2.71,0.3,5.6,1.0000000000,true,1.0000000000
RZE__to__SZZ_cand_1070,1.0000000000000002,6,11.3,2.98,0.3,2.24,1.0000000000,true,1.0000000000
RZE__to__SZZ_cand_1071,1.0000000000000002,6,11.3,2.98,0.3,2.66,1.0000000000,true,1.0000000000
RZE__to__SZZ_cand_1072,1.0000000000000002,6,11.3,2.98,0.3,3.08,1.0000000000,true,1.0000000000
RZE__to__SZZ_cand_1073,1.0000000000000002,6,11.3,2.98,0.3,3.5,1.0000000000,true,1.0000000000
RZE__to__SZZ_cand_1074,1.0000000000000002,6,11.3,2.98,0.3,3.92,1.0000000000,true,1.0000000000
RZE__to__SZZ_cand_1075,1.0000000000000002,6,11.3,2.98,0.3,4.2,1.0000000000,true,1.0000000000
RZE__to__SZZ_cand_1076,1.0000000000000002,6,11.3,2.98,0.3,4.34,1.0000000000,true,1.0000000000
RZE__to__SZZ_cand_1077,1.0000000000000002,6,11.3,2.98,0.3,4.76,1.0000000000,true,1.0000000000
RZE__to__SZZ_cand_1078,1.0000000000000002,6,11.3,2.98,0.3,5.18,1.0000000000,true,1.0000000000
RZE__to__SZZ_cand_1079,1.0000000000000002,6,11.3,2.98,0.3,5.6,1.0000000000,true,1.0000000000
RZE__to__SZZ_cand_1080,1.0000000000000002,6,11.3,3.25,0.3,2.24,1.0000000000,true,1.0000000000
RZE__to__SZZ_cand_1081,1.0000000000000002,6,11.3,3.25,0.3,2.66,1.0000000000,true,1.0000000000
RZE__to__SZZ_cand_1082,1.0000000000000002,6,11.3,3.25,0.3,3.08,1.0000000000,true,1.0000000000
RZE__to__SZZ_cand_1083,1.0000000000000002,6,11.3,3.25,0.3,3.5,1.0000000000,true,1.0000000000
RZE__to__SZZ_cand_1084,1.0000000000000002,6,11.3,3.25,0.3,3.92,1.0000000000,true,1.0000000000
RZE__to__SZZ_cand_1085,1.0000000000000002,6,11.3,3.25,0.3,4.2,1.0000000000,true,1.0000000000
RZE__to__SZZ_cand_1086,1.0000000000000002,6,11.3,3.25,0.3,4.34,1.0000000000,true,1.0000000000
RZE__to__SZZ_cand_1087,1.0000000000000002,6,11.3,3.25,0.3,4.76,1.0000000000,true,1.0000000000
RZE__to__SZZ_cand_1088,1.0000000000000002,6,11.3,3.25,0.3,5.18,1.0000000000,true,1.0000000000
RZE__to__SZZ_cand_1089,1.0000000000000002,6,11.3,3.25,0.3,5.6,1.0000000000,true,1.0000000000
RZE__to__SZZ_cand_1090,1.0000000000000002,6,11.3,3.52,0.3,2.24,1.0000000000,true,1.0000000000
RZE__to__SZZ_cand_1091,1.0000000000000002,6,11.3,3.52,0.3,2.66,1.0000000000,true,1.0000000000
RZE__to__SZZ_cand_1092,1.0000000000000002,6,11.3,3.52,0.3,3.08,1.0000000000,true,1.0000000000
RZE__to__SZZ_cand_1093,1.0000000000000002,6,11.3,3.52,0.3,3.5,1.0000000000,true,1.0000000000
RZE__to__SZZ_cand_1094,1.0000000000000002,6,11.3,3.52,0.3,3.92,1.0000000000,true,1.0000000000
RZE__to__SZZ_cand_1095,1.0000000000000002,6,11.3,3.52,0.3,4.2,1.0000000000,true,1.0000000000
RZE__to__SZZ_cand_1096,1.0000000000000002,6,11.3,3.52,0.3,4.34,1.0000000000,true,1.0000000000
RZE__to__SZZ_cand_1097,1.0000000000000002,6,11.3,3.52,0.3,4.76,1.0000000000,true,1.0000000000
RZE__to__SZZ_cand_1098,1.0000000000000002,6,11.3,3.52,0.3,5.18,1.0000000000,true,1.0000000000
RZE__to__SZZ_cand_1099,1.0000000000000002,6,11.3,3.52,0.3,5.6,1.0000000000,true,1.0000000000
